<?xml version="1.0" encoding="UTF-8"?>
<Package><Note-Package><NoteItems Author="Default" Guid="388BE547-7E72-4cb9-8DB6-F1A79D4AD50A" TextEncode1="Unicode" ReadOnly="False" IsImport="False" Version="1.0" Unit="PointsM"><Item acp="936" Type="Highlight" Page="12" Color="0000ffff" DescText="VgBfAHsAKABrACwAbgApAH0AXgBUAA==" Author="QQBkAG0AaQBuAGkAcwB0AHIAYQB0AG8AcgA=" Time="2019-03-30 20:22:40" id="9FD976D8789145119F8D8A9921490D01" ReadOnly="0" MultiLineType="0"><RC l="34173" t="31268" r="38925" b="32596"/></Item><Item acp="936" Type="Note" Page="12" Color="000000ff" DescText="VgAI/2sALABuAAn/IAAgACAAIAAoAGsALABuACkAOk7zUwtO0omEdtKJB2g=" Author="QQBkAG0AaQBuAGkAcwB0AHIAYQB0AG8AcgA=" Time="2019-03-30 20:23:22" id="A01E970BF3C5440D9EC57E1781DCD6D5" ReadOnly="0" MultiLineType="0" FaceType="3" Transparency="100"><PT x="35967" y="28905"/></Item></NoteItems><NoteItems TextEncode1="Unicode" Version="1.0" Unit="PointsM" Embedded="True"><Item acp="936" Type="Link" Page="1" Color="00000000" Author="QQBkAG0AaQBuAGkAcwB0AHIAYQB0AG8AcgA=" Time="2019-04-09 12:30:42" id="8CBA49D3C2A144D5B8049184EC3D8E83" ReadOnly="0" MultiLineType="0" LineStyle="0" ShowType="0"><RC l="54172" t="8751" r="54773" b="11752"/><Item Type="UrlLink" Aim="af://n0" ID="0"/><MouseOverViewType LinkViewType="0" Color="0"/></Item><Item acp="936" Type="Link" Page="1" Color="00000000" Author="QQBkAG0AaQBuAGkAcwB0AHIAYQB0AG8AcgA=" Time="2019-04-09 12:30:42" id="A5A220D5F3B7488D9BF2F67D10AB8F40" ReadOnly="0" MultiLineType="0" LineStyle="0" ShowType="0"><RC l="54172" t="13103" r="54773" b="16104"/><Item Type="UrlLink" Aim="af://n2" ID="0"/><MouseOverViewType LinkViewType="0" Color="0"/></Item><Item acp="936" Type="Link" Page="1" Color="00000000" Author="QQBkAG0AaQBuAGkAcwB0AHIAYQB0AG8AcgA=" Time="2019-03-30 16:47:49" id="07F486132E694A74A00AF7553FA6E702" ReadOnly="0" MultiLineType="0" LineStyle="0" ShowType="0"><RC l="54172" t="8751" r="54773" b="11752"/><Item Type="UrlLink" Aim="af://n0" ID="0"/><MouseOverViewType LinkViewType="0" Color="0"/></Item><Item acp="936" Type="Link" Page="1" Color="00000000" Author="QQBkAG0AaQBuAGkAcwB0AHIAYQB0AG8AcgA=" Time="2019-03-30 16:47:49" id="4A1AD29BC6DE4D4DB82974B80CD619B5" ReadOnly="0" MultiLineType="0" LineStyle="0" ShowType="0"><RC l="54172" t="13103" r="54773" b="16104"/><Item Type="UrlLink" Aim="af://n2" ID="0"/><MouseOverViewType LinkViewType="0" Color="0"/></Item><Item acp="936" Type="Link" Page="2" Color="00000000" Author="QQBkAG0AaQBuAGkAcwB0AHIAYQB0AG8AcgA=" Time="2019-04-09 12:30:42" id="41AC671E730343FA89FB3740F62E1BEC" ReadOnly="0" MultiLineType="0" LineStyle="0" ShowType="0"><RC l="5252" t="7100" r="15531" b="8451"/><Item Type="PageLink" Aim="1" ID="0"/><MouseOverViewType LinkViewType="0" Color="0"/></Item><Item acp="936" Type="Link" Page="2" Color="00000000" Author="QQBkAG0AaQBuAGkAcwB0AHIAYQB0AG8AcgA=" Time="2019-04-09 12:30:42" id="E49CD903B09E4F5DB395EE1AB7215DC5" ReadOnly="0" MultiLineType="0" LineStyle="0" ShowType="0"><RC l="5252" t="8451" r="18082" b="9801"/><Item Type="PageLink" Aim="1" ID="0"/><MouseOverViewType LinkViewType="0" Color="0"/></Item><Item acp="936" Type="Link" Page="2" Color="00000000" Author="QQBkAG0AaQBuAGkAcwB0AHIAYQB0AG8AcgA=" Time="2019-04-09 12:30:42" id="7EF8936789C94B62B6D5F836BA427C7A" ReadOnly="0" MultiLineType="0" LineStyle="0" ShowType="0"><RC l="6977" t="9801" r="9453" b="11152"/><Item Type="PageLink" Aim="3" ID="0"/><MouseOverViewType LinkViewType="0" Color="0"/></Item><Item acp="936" Type="Link" Page="2" Color="00000000" Author="QQBkAG0AaQBuAGkAcwB0AHIAYQB0AG8AcgA=" Time="2019-04-09 12:30:42" id="9E5F02DFF471456DBEB0B373B4D16367" ReadOnly="0" MultiLineType="0" LineStyle="0" ShowType="0"><RC l="8778" t="11152" r="18757" b="12502"/><Item Type="PageLink" Aim="3" ID="0"/><MouseOverViewType LinkViewType="0" Color="0"/></Item><Item acp="936" Type="Link" Page="2" Color="00000000" Author="QQBkAG0AaQBuAGkAcwB0AHIAYQB0AG8AcgA=" Time="2019-04-09 12:30:42" id="7AD9E4FC17D1497D8FEF469F1C70F86D" ReadOnly="0" MultiLineType="0" LineStyle="0" ShowType="0"><RC l="8778" t="12502" r="18457" b="13853"/><Item Type="PageLink" Aim="4" ID="0"/><MouseOverViewType LinkViewType="0" Color="0"/></Item><Item acp="936" Type="Link" Page="2" Color="00000000" Author="QQBkAG0AaQBuAGkAcwB0AHIAYQB0AG8AcgA=" Time="2019-04-09 12:30:42" id="D5235936003D461E8C0329ADFCA25D87" ReadOnly="0" MultiLineType="0" LineStyle="0" ShowType="0"><RC l="6977" t="13853" r="11854" b="15204"/><Item Type="PageLink" Aim="5" ID="0"/><MouseOverViewType LinkViewType="0" Color="0"/></Item><Item acp="936" Type="Link" Page="2" Color="00000000" Author="QQBkAG0AaQBuAGkAcwB0AHIAYQB0AG8AcgA=" Time="2019-04-09 12:30:42" id="8CD10F9A31CB411F89A0C821038C61F2" ReadOnly="0" MultiLineType="0" LineStyle="0" ShowType="0"><RC l="8778" t="15204" r="18982" b="16554"/><Item Type="PageLink" Aim="6" ID="0"/><MouseOverViewType LinkViewType="0" Color="0"/></Item><Item acp="936" Type="Link" Page="2" Color="00000000" Author="QQBkAG0AaQBuAGkAcwB0AHIAYQB0AG8AcgA=" Time="2019-04-09 12:30:42" id="71BDEDA0D7504D01938358A13CBC19CF" ReadOnly="0" MultiLineType="0" LineStyle="0" ShowType="0"><RC l="8778" t="16554" r="19808" b="17905"/><Item Type="PageLink" Aim="9" ID="0"/><MouseOverViewType LinkViewType="0" Color="0"/></Item><Item acp="936" Type="Link" Page="2" Color="00000000" Author="QQBkAG0AaQBuAGkAcwB0AHIAYQB0AG8AcgA=" Time="2019-04-09 12:30:42" id="06DCB7646A3F481FBF337682D9367A1A" ReadOnly="0" MultiLineType="0" LineStyle="0" ShowType="0"><RC l="10504" t="17905" r="24085" b="19255"/><Item Type="PageLink" Aim="9" ID="0"/><MouseOverViewType LinkViewType="0" Color="0"/></Item><Item acp="936" Type="Link" Page="2" Color="00000000" Author="QQBkAG0AaQBuAGkAcwB0AHIAYQB0AG8AcgA=" Time="2019-04-09 12:30:42" id="408A249B1BF34B74862295F1E474EFF5" ReadOnly="0" MultiLineType="0" LineStyle="0" ShowType="0"><RC l="10504" t="19255" r="22359" b="20606"/><Item Type="PageLink" Aim="11" ID="0"/><MouseOverViewType LinkViewType="0" Color="0"/></Item><Item acp="936" Type="Link" Page="2" Color="00000000" Author="QQBkAG0AaQBuAGkAcwB0AHIAYQB0AG8AcgA=" Time="2019-04-09 12:30:42" id="069292A46E064BC18E4C0A32AA016908" ReadOnly="0" MultiLineType="0" LineStyle="0" ShowType="0"><RC l="10504" t="20606" r="21459" b="21956"/><Item Type="PageLink" Aim="11" ID="0"/><MouseOverViewType LinkViewType="0" Color="0"/></Item><Item acp="936" Type="Link" Page="2" Color="00000000" Author="QQBkAG0AaQBuAGkAcwB0AHIAYQB0AG8AcgA=" Time="2019-04-09 12:30:42" id="AA86016C4E74477D9D0C4D45EE76B1D2" ReadOnly="0" MultiLineType="0" LineStyle="0" ShowType="0"><RC l="8778" t="21956" r="15231" b="23307"/><Item Type="PageLink" Aim="12" ID="0"/><MouseOverViewType LinkViewType="0" Color="0"/></Item><Item acp="936" Type="Link" Page="2" Color="00000000" Author="QQBkAG0AaQBuAGkAcwB0AHIAYQB0AG8AcgA=" Time="2019-04-09 12:30:42" id="6465904A23964952AF93AC46504D33A7" ReadOnly="0" MultiLineType="0" LineStyle="0" ShowType="0"><RC l="10504" t="23307" r="21233" b="24658"/><Item Type="PageLink" Aim="12" ID="0"/><MouseOverViewType LinkViewType="0" Color="0"/></Item><Item acp="936" Type="Link" Page="2" Color="00000000" Author="QQBkAG0AaQBuAGkAcwB0AHIAYQB0AG8AcgA=" Time="2019-04-09 12:30:42" id="BB43AF762F7E4316B1FAC69532D0365B" ReadOnly="0" MultiLineType="0" LineStyle="0" ShowType="0"><RC l="10504" t="24658" r="27461" b="26008"/><Item Type="PageLink" Aim="13" ID="0"/><MouseOverViewType LinkViewType="0" Color="0"/></Item><Item acp="936" Type="Link" Page="2" Color="00000000" Author="QQBkAG0AaQBuAGkAcwB0AHIAYQB0AG8AcgA=" Time="2019-04-09 12:30:42" id="81C8F1F9BF014E8C8BACE78B79059EE2" ReadOnly="0" MultiLineType="0" LineStyle="0" ShowType="0"><RC l="10504" t="26008" r="21759" b="27359"/><Item Type="PageLink" Aim="13" ID="0"/><MouseOverViewType LinkViewType="0" Color="0"/></Item><Item acp="936" Type="Link" Page="2" Color="00000000" Author="QQBkAG0AaQBuAGkAcwB0AHIAYQB0AG8AcgA=" Time="2019-04-09 12:30:42" id="FA3AF64FE89148309D2E4141C144F5F1" ReadOnly="0" MultiLineType="0" LineStyle="0" ShowType="0"><RC l="8778" t="27359" r="21158" b="28709"/><Item Type="PageLink" Aim="16" ID="0"/><MouseOverViewType LinkViewType="0" Color="0"/></Item><Item acp="936" Type="Link" Page="2" Color="00000000" Author="QQBkAG0AaQBuAGkAcwB0AHIAYQB0AG8AcgA=" Time="2019-04-09 12:30:42" id="C21B3AE0B43148278F685FBBF57C9203" ReadOnly="0" MultiLineType="0" LineStyle="0" ShowType="0"><RC l="10504" t="28709" r="31888" b="30060"/><Item Type="PageLink" Aim="16" ID="0"/><MouseOverViewType LinkViewType="0" Color="0"/></Item><Item acp="936" Type="Link" Page="2" Color="00000000" Author="QQBkAG0AaQBuAGkAcwB0AHIAYQB0AG8AcgA=" Time="2019-04-09 12:30:42" id="BD9FBE91A98147109D0B7BAEB10D9275" ReadOnly="0" MultiLineType="0" LineStyle="0" ShowType="0"><RC l="10504" t="30060" r="24010" b="31410"/><Item Type="PageLink" Aim="17" ID="0"/><MouseOverViewType LinkViewType="0" Color="0"/></Item><Item acp="936" Type="Link" Page="2" Color="00000000" Author="QQBkAG0AaQBuAGkAcwB0AHIAYQB0AG8AcgA=" Time="2019-04-09 12:30:42" id="5EB68B7CB5F3410881559B0E4C7A5BEF" ReadOnly="0" MultiLineType="0" LineStyle="0" ShowType="0"><RC l="8778" t="31410" r="20783" b="32761"/><Item Type="PageLink" Aim="18" ID="0"/><MouseOverViewType LinkViewType="0" Color="0"/></Item><Item acp="936" Type="Link" Page="2" Color="00000000" Author="QQBkAG0AaQBuAGkAcwB0AHIAYQB0AG8AcgA=" Time="2019-04-09 12:30:42" id="A9546308F7564D9093ECF2464B0DBD7F" ReadOnly="0" MultiLineType="0" LineStyle="0" ShowType="0"><RC l="6977" t="32761" r="21684" b="34111"/><Item Type="PageLink" Aim="20" ID="0"/><MouseOverViewType LinkViewType="0" Color="0"/></Item><Item acp="936" Type="Link" Page="2" Color="00000000" Author="QQBkAG0AaQBuAGkAcwB0AHIAYQB0AG8AcgA=" Time="2019-04-09 12:30:42" id="DAD82CF0A3C446F8B243BD6C54EB0D6F" ReadOnly="0" MultiLineType="0" LineStyle="0" ShowType="0"><RC l="6977" t="34111" r="9453" b="35462"/><Item Type="PageLink" Aim="23" ID="0"/><MouseOverViewType LinkViewType="0" Color="0"/></Item><Item acp="936" Type="Link" Page="2" Color="00000000" Author="QQBkAG0AaQBuAGkAcwB0AHIAYQB0AG8AcgA=" Time="2019-04-09 12:30:42" id="421AF82C263347A49C467A818469260E" ReadOnly="0" MultiLineType="0" LineStyle="0" ShowType="0"><RC l="8778" t="35462" r="15381" b="36813"/><Item Type="PageLink" Aim="23" ID="0"/><MouseOverViewType LinkViewType="0" Color="0"/></Item><Item acp="936" Type="Link" Page="2" Color="00000000" Author="QQBkAG0AaQBuAGkAcwB0AHIAYQB0AG8AcgA=" Time="2019-04-09 12:30:42" id="4A31471C4C054EAA967CC9F266B7C3C9" ReadOnly="0" MultiLineType="0" LineStyle="0" ShowType="0"><RC l="8778" t="36813" r="15381" b="38163"/><Item Type="PageLink" Aim="24" ID="0"/><MouseOverViewType LinkViewType="0" Color="0"/></Item><Item acp="936" Type="Link" Page="2" Color="00000000" Author="QQBkAG0AaQBuAGkAcwB0AHIAYQB0AG8AcgA=" Time="2019-04-09 12:30:42" id="DF4B4D27128848DAA64FBD936FD16A61" ReadOnly="0" MultiLineType="0" LineStyle="0" ShowType="0"><RC l="8778" t="38163" r="15381" b="39514"/><Item Type="PageLink" Aim="24" ID="0"/><MouseOverViewType LinkViewType="0" Color="0"/></Item><Item acp="936" Type="Link" Page="2" Color="00000000" Author="QQBkAG0AaQBuAGkAcwB0AHIAYQB0AG8AcgA=" Time="2019-03-30 16:47:49" id="FC3846D9BCBC457A860378A19E0F3EF0" ReadOnly="0" MultiLineType="0" LineStyle="0" ShowType="0"><RC l="5252" t="7100" r="15531" b="8451"/><Item Type="PageLink" Aim="1" ID="0"/><MouseOverViewType LinkViewType="0" Color="0"/></Item><Item acp="936" Type="Link" Page="2" Color="00000000" Author="QQBkAG0AaQBuAGkAcwB0AHIAYQB0AG8AcgA=" Time="2019-03-30 16:47:49" id="C67546A38D83450EA91CCC5C5EF1D98D" ReadOnly="0" MultiLineType="0" LineStyle="0" ShowType="0"><RC l="5252" t="8451" r="18082" b="9801"/><Item Type="PageLink" Aim="1" ID="0"/><MouseOverViewType LinkViewType="0" Color="0"/></Item><Item acp="936" Type="Link" Page="2" Color="00000000" Author="QQBkAG0AaQBuAGkAcwB0AHIAYQB0AG8AcgA=" Time="2019-03-30 16:47:49" id="C655C7B8DF4045E788F8CC6984D5ABE0" ReadOnly="0" MultiLineType="0" LineStyle="0" ShowType="0"><RC l="6977" t="9801" r="9453" b="11152"/><Item Type="PageLink" Aim="3" ID="0"/><MouseOverViewType LinkViewType="0" Color="0"/></Item><Item acp="936" Type="Link" Page="2" Color="00000000" Author="QQBkAG0AaQBuAGkAcwB0AHIAYQB0AG8AcgA=" Time="2019-03-30 16:47:49" id="9702CFB95FB94867B2C20B3CB605515E" ReadOnly="0" MultiLineType="0" LineStyle="0" ShowType="0"><RC l="8778" t="11152" r="18757" b="12502"/><Item Type="PageLink" Aim="3" ID="0"/><MouseOverViewType LinkViewType="0" Color="0"/></Item><Item acp="936" Type="Link" Page="2" Color="00000000" Author="QQBkAG0AaQBuAGkAcwB0AHIAYQB0AG8AcgA=" Time="2019-03-30 16:47:49" id="5CAEFB6FF7FD49FD9424B583D5666D60" ReadOnly="0" MultiLineType="0" LineStyle="0" ShowType="0"><RC l="8778" t="12502" r="18457" b="13853"/><Item Type="PageLink" Aim="4" ID="0"/><MouseOverViewType LinkViewType="0" Color="0"/></Item><Item acp="936" Type="Link" Page="2" Color="00000000" Author="QQBkAG0AaQBuAGkAcwB0AHIAYQB0AG8AcgA=" Time="2019-03-30 16:47:49" id="14569EA5A3664FD698AF1B8C36C9D024" ReadOnly="0" MultiLineType="0" LineStyle="0" ShowType="0"><RC l="6977" t="13853" r="11854" b="15204"/><Item Type="PageLink" Aim="5" ID="0"/><MouseOverViewType LinkViewType="0" Color="0"/></Item><Item acp="936" Type="Link" Page="2" Color="00000000" Author="QQBkAG0AaQBuAGkAcwB0AHIAYQB0AG8AcgA=" Time="2019-03-30 16:47:49" id="2451596BB3164567BFAE3EB67FEDEFD6" ReadOnly="0" MultiLineType="0" LineStyle="0" ShowType="0"><RC l="8778" t="15204" r="18982" b="16554"/><Item Type="PageLink" Aim="6" ID="0"/><MouseOverViewType LinkViewType="0" Color="0"/></Item><Item acp="936" Type="Link" Page="2" Color="00000000" Author="QQBkAG0AaQBuAGkAcwB0AHIAYQB0AG8AcgA=" Time="2019-03-30 16:47:49" id="162A34467D034E45BB5A4C57697BED4E" ReadOnly="0" MultiLineType="0" LineStyle="0" ShowType="0"><RC l="8778" t="16554" r="19808" b="17905"/><Item Type="PageLink" Aim="9" ID="0"/><MouseOverViewType LinkViewType="0" Color="0"/></Item><Item acp="936" Type="Link" Page="2" Color="00000000" Author="QQBkAG0AaQBuAGkAcwB0AHIAYQB0AG8AcgA=" Time="2019-03-30 16:47:49" id="E35BACAC42844A3590756A164169056D" ReadOnly="0" MultiLineType="0" LineStyle="0" ShowType="0"><RC l="10504" t="17905" r="24085" b="19255"/><Item Type="PageLink" Aim="9" ID="0"/><MouseOverViewType LinkViewType="0" Color="0"/></Item><Item acp="936" Type="Link" Page="2" Color="00000000" Author="QQBkAG0AaQBuAGkAcwB0AHIAYQB0AG8AcgA=" Time="2019-03-30 16:47:49" id="E93313DE82104940990D1001A8F70E33" ReadOnly="0" MultiLineType="0" LineStyle="0" ShowType="0"><RC l="10504" t="19255" r="22359" b="20606"/><Item Type="PageLink" Aim="11" ID="0"/><MouseOverViewType LinkViewType="0" Color="0"/></Item><Item acp="936" Type="Link" Page="2" Color="00000000" Author="QQBkAG0AaQBuAGkAcwB0AHIAYQB0AG8AcgA=" Time="2019-03-30 16:47:49" id="6CFDE63E4200406681AEB4AB299064C4" ReadOnly="0" MultiLineType="0" LineStyle="0" ShowType="0"><RC l="10504" t="20606" r="21459" b="21956"/><Item Type="PageLink" Aim="11" ID="0"/><MouseOverViewType LinkViewType="0" Color="0"/></Item><Item acp="936" Type="Link" Page="2" Color="00000000" Author="QQBkAG0AaQBuAGkAcwB0AHIAYQB0AG8AcgA=" Time="2019-03-30 16:47:49" id="B6504C925020476093C1D38271536BBD" ReadOnly="0" MultiLineType="0" LineStyle="0" ShowType="0"><RC l="8778" t="21956" r="15231" b="23307"/><Item Type="PageLink" Aim="12" ID="0"/><MouseOverViewType LinkViewType="0" Color="0"/></Item><Item acp="936" Type="Link" Page="2" Color="00000000" Author="QQBkAG0AaQBuAGkAcwB0AHIAYQB0AG8AcgA=" Time="2019-03-30 16:47:49" id="8F247EBF08374EF8AF1447A038C6CD9B" ReadOnly="0" MultiLineType="0" LineStyle="0" ShowType="0"><RC l="10504" t="23307" r="21233" b="24658"/><Item Type="PageLink" Aim="12" ID="0"/><MouseOverViewType LinkViewType="0" Color="0"/></Item><Item acp="936" Type="Link" Page="2" Color="00000000" Author="QQBkAG0AaQBuAGkAcwB0AHIAYQB0AG8AcgA=" Time="2019-03-30 16:47:49" id="1F11E6B738CA46B99AF20B1D97DB83BE" ReadOnly="0" MultiLineType="0" LineStyle="0" ShowType="0"><RC l="10504" t="24658" r="27461" b="26008"/><Item Type="PageLink" Aim="13" ID="0"/><MouseOverViewType LinkViewType="0" Color="0"/></Item><Item acp="936" Type="Link" Page="2" Color="00000000" Author="QQBkAG0AaQBuAGkAcwB0AHIAYQB0AG8AcgA=" Time="2019-03-30 16:47:49" id="4E6068F91A2C459DA44B06A37CDE578E" ReadOnly="0" MultiLineType="0" LineStyle="0" ShowType="0"><RC l="10504" t="26008" r="21759" b="27359"/><Item Type="PageLink" Aim="13" ID="0"/><MouseOverViewType LinkViewType="0" Color="0"/></Item><Item acp="936" Type="Link" Page="2" Color="00000000" Author="QQBkAG0AaQBuAGkAcwB0AHIAYQB0AG8AcgA=" Time="2019-03-30 16:47:49" id="ADFBAD62000E4FA1B6B5614161BD3288" ReadOnly="0" MultiLineType="0" LineStyle="0" ShowType="0"><RC l="8778" t="27359" r="21158" b="28709"/><Item Type="PageLink" Aim="16" ID="0"/><MouseOverViewType LinkViewType="0" Color="0"/></Item><Item acp="936" Type="Link" Page="2" Color="00000000" Author="QQBkAG0AaQBuAGkAcwB0AHIAYQB0AG8AcgA=" Time="2019-03-30 16:47:49" id="A4C2AF7E011C406CBD73D7286A7DA209" ReadOnly="0" MultiLineType="0" LineStyle="0" ShowType="0"><RC l="10504" t="28709" r="31888" b="30060"/><Item Type="PageLink" Aim="16" ID="0"/><MouseOverViewType LinkViewType="0" Color="0"/></Item><Item acp="936" Type="Link" Page="2" Color="00000000" Author="QQBkAG0AaQBuAGkAcwB0AHIAYQB0AG8AcgA=" Time="2019-03-30 16:47:49" id="3F4012B405004F1C821893358E5962A0" ReadOnly="0" MultiLineType="0" LineStyle="0" ShowType="0"><RC l="10504" t="30060" r="24010" b="31410"/><Item Type="PageLink" Aim="17" ID="0"/><MouseOverViewType LinkViewType="0" Color="0"/></Item><Item acp="936" Type="Link" Page="2" Color="00000000" Author="QQBkAG0AaQBuAGkAcwB0AHIAYQB0AG8AcgA=" Time="2019-03-30 16:47:49" id="73E082F0C8E4469BA516D99A7762D0C8" ReadOnly="0" MultiLineType="0" LineStyle="0" ShowType="0"><RC l="8778" t="31410" r="20783" b="32761"/><Item Type="PageLink" Aim="18" ID="0"/><MouseOverViewType LinkViewType="0" Color="0"/></Item><Item acp="936" Type="Link" Page="2" Color="00000000" Author="QQBkAG0AaQBuAGkAcwB0AHIAYQB0AG8AcgA=" Time="2019-03-30 16:47:49" id="5158D40608EA4B32B958BBB26E7E7F5B" ReadOnly="0" MultiLineType="0" LineStyle="0" ShowType="0"><RC l="6977" t="32761" r="21684" b="34111"/><Item Type="PageLink" Aim="20" ID="0"/><MouseOverViewType LinkViewType="0" Color="0"/></Item><Item acp="936" Type="Link" Page="2" Color="00000000" Author="QQBkAG0AaQBuAGkAcwB0AHIAYQB0AG8AcgA=" Time="2019-03-30 16:47:49" id="BFB6EEB289E849D59182E53F8C354D12" ReadOnly="0" MultiLineType="0" LineStyle="0" ShowType="0"><RC l="6977" t="34111" r="9453" b="35462"/><Item Type="PageLink" Aim="23" ID="0"/><MouseOverViewType LinkViewType="0" Color="0"/></Item><Item acp="936" Type="Link" Page="2" Color="00000000" Author="QQBkAG0AaQBuAGkAcwB0AHIAYQB0AG8AcgA=" Time="2019-03-30 16:47:49" id="B18F7BB3F4584B35A2F06933CD1DAA83" ReadOnly="0" MultiLineType="0" LineStyle="0" ShowType="0"><RC l="8778" t="35462" r="15381" b="36813"/><Item Type="PageLink" Aim="23" ID="0"/><MouseOverViewType LinkViewType="0" Color="0"/></Item><Item acp="936" Type="Link" Page="2" Color="00000000" Author="QQBkAG0AaQBuAGkAcwB0AHIAYQB0AG8AcgA=" Time="2019-03-30 16:47:49" id="EE79B3B1FB124DA09F8292F601BCE8A8" ReadOnly="0" MultiLineType="0" LineStyle="0" ShowType="0"><RC l="8778" t="36813" r="15381" b="38163"/><Item Type="PageLink" Aim="24" ID="0"/><MouseOverViewType LinkViewType="0" Color="0"/></Item><Item acp="936" Type="Link" Page="2" Color="00000000" Author="QQBkAG0AaQBuAGkAcwB0AHIAYQB0AG8AcgA=" Time="2019-03-30 16:47:49" id="497EEB5F584240F9AD0182650DEDD268" ReadOnly="0" MultiLineType="0" LineStyle="0" ShowType="0"><RC l="8778" t="38163" r="15381" b="39514"/><Item Type="PageLink" Aim="24" ID="0"/><MouseOverViewType LinkViewType="0" Color="0"/></Item><Item acp="936" Type="Link" Page="3" Color="00000000" Author="QQBkAG0AaQBuAGkAcwB0AHIAYQB0AG8AcgA=" Time="2019-04-09 12:30:42" id="608ABDDF76C24AAAB60E0D8F5C26551D" ReadOnly="0" MultiLineType="0" LineStyle="0" ShowType="0"><RC l="54172" t="6425" r="54622" b="8751"/><Item Type="UrlLink" Aim="af://n15" ID="0"/><MouseOverViewType LinkViewType="0" Color="0"/></Item><Item acp="936" Type="Link" Page="3" Color="00000000" Author="QQBkAG0AaQBuAGkAcwB0AHIAYQB0AG8AcgA=" Time="2019-04-09 12:30:42" id="107727EC692D4CB0AF0FC88867E1E2F9" ReadOnly="0" MultiLineType="0" LineStyle="0" ShowType="0"><RC l="54172" t="10176" r="54547" b="12202"/><Item Type="UrlLink" Aim="af://n16" ID="0"/><MouseOverViewType LinkViewType="0" Color="0"/></Item><Item acp="936" Type="Link" Page="3" Color="00000000" Author="QQBkAG0AaQBuAGkAcwB0AHIAYQB0AG8AcgA=" Time="2019-03-30 16:47:49" id="1748402CF35146BCB0629D34B7634602" ReadOnly="0" MultiLineType="0" LineStyle="0" ShowType="0"><RC l="54172" t="6425" r="54622" b="8751"/><Item Type="UrlLink" Aim="af://n15" ID="0"/><MouseOverViewType LinkViewType="0" Color="0"/></Item><Item acp="936" Type="Link" Page="3" Color="00000000" Author="QQBkAG0AaQBuAGkAcwB0AHIAYQB0AG8AcgA=" Time="2019-03-30 16:47:49" id="32216783DE2C4DAAA89112FC341154E5" ReadOnly="0" MultiLineType="0" LineStyle="0" ShowType="0"><RC l="54172" t="10176" r="54547" b="12202"/><Item Type="UrlLink" Aim="af://n16" ID="0"/><MouseOverViewType LinkViewType="0" Color="0"/></Item><Item acp="936" Type="Link" Page="4" Color="00000000" Author="QQBkAG0AaQBuAGkAcwB0AHIAYQB0AG8AcgA=" Time="2019-04-09 12:30:42" id="8D6D6555D31F43299FF495BBA5A04536" ReadOnly="0" MultiLineType="0" LineStyle="0" ShowType="0"><RC l="54172" t="8076" r="54547" b="10101"/><Item Type="UrlLink" Aim="af://n26" ID="0"/><MouseOverViewType LinkViewType="0" Color="0"/></Item><Item acp="936" Type="Link" Page="4" Color="00000000" Author="QQBkAG0AaQBuAGkAcwB0AHIAYQB0AG8AcgA=" Time="2019-03-30 16:47:49" id="07A4B70501F7449EA27E4C451FC76D6F" ReadOnly="0" MultiLineType="0" LineStyle="0" ShowType="0"><RC l="54172" t="8076" r="54547" b="10101"/><Item Type="UrlLink" Aim="af://n26" ID="0"/><MouseOverViewType LinkViewType="0" Color="0"/></Item><Item acp="936" Type="Link" Page="5" Color="00000000" Author="QQBkAG0AaQBuAGkAcwB0AHIAYQB0AG8AcgA=" Time="2019-04-09 12:30:42" id="EEC28CDD276143638487403B49B3629A" ReadOnly="0" MultiLineType="0" LineStyle="0" ShowType="0"><RC l="54172" t="48142" r="54622" b="50468"/><Item Type="UrlLink" Aim="af://n32" ID="0"/><MouseOverViewType LinkViewType="0" Color="0"/></Item><Item acp="936" Type="Link" Page="5" Color="00000000" Author="QQBkAG0AaQBuAGkAcwB0AHIAYQB0AG8AcgA=" Time="2019-03-30 16:47:49" id="C99B50C797064F11BD9B1D365943DBC7" ReadOnly="0" MultiLineType="0" LineStyle="0" ShowType="0"><RC l="54172" t="48142" r="54622" b="50468"/><Item Type="UrlLink" Aim="af://n32" ID="0"/><MouseOverViewType LinkViewType="0" Color="0"/></Item><Item acp="936" Type="Link" Page="6" Color="00000000" Author="QQBkAG0AaQBuAGkAcwB0AHIAYQB0AG8AcgA=" Time="2019-04-09 12:30:42" id="BB5475B5D2ED4194B80A19D134DFAF62" ReadOnly="0" MultiLineType="0" LineStyle="0" ShowType="0"><RC l="54172" t="15804" r="54547" b="17830"/><Item Type="UrlLink" Aim="af://n43" ID="0"/><MouseOverViewType LinkViewType="0" Color="0"/></Item><Item acp="936" Type="Link" Page="6" Color="00000000" Author="QQBkAG0AaQBuAGkAcwB0AHIAYQB0AG8AcgA=" Time="2019-03-30 16:47:49" id="6F1B0D36C38B4E8FBD806CD21DCDE1AC" ReadOnly="0" MultiLineType="0" LineStyle="0" ShowType="0"><RC l="54172" t="15804" r="54547" b="17830"/><Item Type="UrlLink" Aim="af://n43" ID="0"/><MouseOverViewType LinkViewType="0" Color="0"/></Item><Item acp="936" Type="Link" Page="9" Color="00000000" Author="QQBkAG0AaQBuAGkAcwB0AHIAYQB0AG8AcgA=" Time="2019-04-09 12:30:42" id="EC9A24EA6F4948918F912ED9785E9B02" ReadOnly="0" MultiLineType="0" LineStyle="0" ShowType="0"><RC l="54172" t="6575" r="54547" b="8601"/><Item Type="UrlLink" Aim="af://n93" ID="0"/><MouseOverViewType LinkViewType="0" Color="0"/></Item><Item acp="936" Type="Link" Page="9" Color="00000000" Author="QQBkAG0AaQBuAGkAcwB0AHIAYQB0AG8AcgA=" Time="2019-04-09 12:30:42" id="07C4EF506F204336A202E9B3447210A5" ReadOnly="0" MultiLineType="0" LineStyle="0" ShowType="0"><RC l="54172" t="21806" r="54472" b="23457"/><Item Type="UrlLink" Aim="af://n96" ID="0"/><MouseOverViewType LinkViewType="0" Color="0"/></Item><Item acp="936" Type="Link" Page="9" Color="00000000" Author="QQBkAG0AaQBuAGkAcwB0AHIAYQB0AG8AcgA=" Time="2019-03-30 16:47:49" id="55B99D09F2D14DEDB75E32C3DAC22086" ReadOnly="0" MultiLineType="0" LineStyle="0" ShowType="0"><RC l="54172" t="6575" r="54547" b="8601"/><Item Type="UrlLink" Aim="af://n93" ID="0"/><MouseOverViewType LinkViewType="0" Color="0"/></Item><Item acp="936" Type="Link" Page="9" Color="00000000" Author="QQBkAG0AaQBuAGkAcwB0AHIAYQB0AG8AcgA=" Time="2019-03-30 16:47:49" id="1933E09BCEE24B638CF43155FD018B53" ReadOnly="0" MultiLineType="0" LineStyle="0" ShowType="0"><RC l="54172" t="21806" r="54472" b="23457"/><Item Type="UrlLink" Aim="af://n96" ID="0"/><MouseOverViewType LinkViewType="0" Color="0"/></Item><Item acp="936" Type="Link" Page="11" Color="00000000" Author="QQBkAG0AaQBuAGkAcwB0AHIAYQB0AG8AcgA=" Time="2019-04-09 12:30:42" id="158B9A4AC1394B6CB81A5856500B3717" ReadOnly="0" MultiLineType="0" LineStyle="0" ShowType="0"><RC l="54172" t="19856" r="54472" b="21506"/><Item Type="UrlLink" Aim="af://n125" ID="0"/><MouseOverViewType LinkViewType="0" Color="0"/></Item><Item acp="936" Type="Link" Page="11" Color="00000000" Author="QQBkAG0AaQBuAGkAcwB0AHIAYQB0AG8AcgA=" Time="2019-04-09 12:30:42" id="8042495D52CD4F7DB661BC7C8464CAE2" ReadOnly="0" MultiLineType="0" LineStyle="0" ShowType="0"><RC l="54172" t="46417" r="54472" b="48067"/><Item Type="UrlLink" Aim="af://n129" ID="0"/><MouseOverViewType LinkViewType="0" Color="0"/></Item><Item acp="936" Type="Link" Page="11" Color="00000000" Author="QQBkAG0AaQBuAGkAcwB0AHIAYQB0AG8AcgA=" Time="2019-03-30 16:47:49" id="14AF1148261F45DFAC113473CF1EEFBC" ReadOnly="0" MultiLineType="0" LineStyle="0" ShowType="0"><RC l="54172" t="19856" r="54472" b="21506"/><Item Type="UrlLink" Aim="af://n125" ID="0"/><MouseOverViewType LinkViewType="0" Color="0"/></Item><Item acp="936" Type="Link" Page="11" Color="00000000" Author="QQBkAG0AaQBuAGkAcwB0AHIAYQB0AG8AcgA=" Time="2019-03-30 16:47:49" id="EABAD1AFAE50483D84F2241B4A787057" ReadOnly="0" MultiLineType="0" LineStyle="0" ShowType="0"><RC l="54172" t="46417" r="54472" b="48067"/><Item Type="UrlLink" Aim="af://n129" ID="0"/><MouseOverViewType LinkViewType="0" Color="0"/></Item><Item acp="936" Type="Link" Page="12" Color="00000000" Author="QQBkAG0AaQBuAGkAcwB0AHIAYQB0AG8AcgA=" Time="2019-04-09 12:30:42" id="B10EDC66B6D34820B2C9B4CC2DE97300" ReadOnly="0" MultiLineType="0" LineStyle="0" ShowType="0"><RC l="54172" t="6575" r="54547" b="8601"/><Item Type="UrlLink" Aim="af://n133" ID="0"/><MouseOverViewType LinkViewType="0" Color="0"/></Item><Item acp="936" Type="Link" Page="12" Color="00000000" Author="QQBkAG0AaQBuAGkAcwB0AHIAYQB0AG8AcgA=" Time="2019-04-09 12:30:42" id="0C9874A99A3E470B9E64737821790597" ReadOnly="0" MultiLineType="0" LineStyle="0" ShowType="0"><RC l="54172" t="9576" r="54472" b="11227"/><Item Type="UrlLink" Aim="af://n134" ID="0"/><MouseOverViewType LinkViewType="0" Color="0"/></Item><Item acp="936" Type="Link" Page="12" Color="00000000" Author="QQBkAG0AaQBuAGkAcwB0AHIAYQB0AG8AcgA=" Time="2019-03-30 16:47:49" id="5B2D310E19394581B48C645041C9047F" ReadOnly="0" MultiLineType="0" LineStyle="0" ShowType="0"><RC l="54172" t="6575" r="54547" b="8601"/><Item Type="UrlLink" Aim="af://n133" ID="0"/><MouseOverViewType LinkViewType="0" Color="0"/></Item><Item acp="936" Type="Link" Page="12" Color="00000000" Author="QQBkAG0AaQBuAGkAcwB0AHIAYQB0AG8AcgA=" Time="2019-03-30 16:47:49" id="C7A263CDDFEE4301AADDB6F317615BB7" ReadOnly="0" MultiLineType="0" LineStyle="0" ShowType="0"><RC l="54172" t="9576" r="54472" b="11227"/><Item Type="UrlLink" Aim="af://n134" ID="0"/><MouseOverViewType LinkViewType="0" Color="0"/></Item><Item acp="936" Type="Link" Page="13" Color="00000000" Author="QQBkAG0AaQBuAGkAcwB0AHIAYQB0AG8AcgA=" Time="2019-04-09 12:30:42" id="A6E2494C9BE0410793FEFB48D5D35BBD" ReadOnly="0" MultiLineType="0" LineStyle="0" ShowType="0"><RC l="54172" t="5600" r="54472" b="7250"/><Item Type="UrlLink" Aim="af://n145" ID="0"/><MouseOverViewType LinkViewType="0" Color="0"/></Item><Item acp="936" Type="Link" Page="13" Color="00000000" Author="QQBkAG0AaQBuAGkAcwB0AHIAYQB0AG8AcgA=" Time="2019-04-09 12:30:42" id="F188BAB27AAF42F494C300C5F1969DFF" ReadOnly="0" MultiLineType="0" LineStyle="0" ShowType="0"><RC l="54172" t="45891" r="54472" b="47542"/><Item Type="UrlLink" Aim="af://n162" ID="0"/><MouseOverViewType LinkViewType="0" Color="0"/></Item><Item acp="936" Type="Link" Page="13" Color="00000000" Author="QQBkAG0AaQBuAGkAcwB0AHIAYQB0AG8AcgA=" Time="2019-03-30 16:47:49" id="15E621EA540C42CBBDC5EA2E1CB76D49" ReadOnly="0" MultiLineType="0" LineStyle="0" ShowType="0"><RC l="54172" t="5600" r="54472" b="7250"/><Item Type="UrlLink" Aim="af://n145" ID="0"/><MouseOverViewType LinkViewType="0" Color="0"/></Item><Item acp="936" Type="Link" Page="13" Color="00000000" Author="QQBkAG0AaQBuAGkAcwB0AHIAYQB0AG8AcgA=" Time="2019-03-30 16:47:49" id="085D418DDFED41A19DE7CA10276182ED" ReadOnly="0" MultiLineType="0" LineStyle="0" ShowType="0"><RC l="54172" t="45891" r="54472" b="47542"/><Item Type="UrlLink" Aim="af://n162" ID="0"/><MouseOverViewType LinkViewType="0" Color="0"/></Item><Item acp="936" Type="Link" Page="16" Color="00000000" Author="QQBkAG0AaQBuAGkAcwB0AHIAYQB0AG8AcgA=" Time="2019-04-09 12:30:42" id="29203471CB0C45B1862F438C5781D650" ReadOnly="0" MultiLineType="0" LineStyle="0" ShowType="0"><RC l="54172" t="6575" r="54547" b="8601"/><Item Type="UrlLink" Aim="af://n191" ID="0"/><MouseOverViewType LinkViewType="0" Color="0"/></Item><Item acp="936" Type="Link" Page="16" Color="00000000" Author="QQBkAG0AaQBuAGkAcwB0AHIAYQB0AG8AcgA=" Time="2019-04-09 12:30:42" id="C7680C2063DB4E1EBCA20E0581BD7B70" ReadOnly="0" MultiLineType="0" LineStyle="0" ShowType="0"><RC l="54172" t="20606" r="54472" b="22256"/><Item Type="UrlLink" Aim="af://n194" ID="0"/><MouseOverViewType LinkViewType="0" Color="0"/></Item><Item acp="936" Type="Link" Page="16" Color="00000000" Author="QQBkAG0AaQBuAGkAcwB0AHIAYQB0AG8AcgA=" Time="2019-03-30 16:47:49" id="062438AA884A4F25BEFE529F6B2EF5EA" ReadOnly="0" MultiLineType="0" LineStyle="0" ShowType="0"><RC l="54172" t="6575" r="54547" b="8601"/><Item Type="UrlLink" Aim="af://n191" ID="0"/><MouseOverViewType LinkViewType="0" Color="0"/></Item><Item acp="936" Type="Link" Page="16" Color="00000000" Author="QQBkAG0AaQBuAGkAcwB0AHIAYQB0AG8AcgA=" Time="2019-03-30 16:47:49" id="F8E3F0352E0D40F7B569732634384B14" ReadOnly="0" MultiLineType="0" LineStyle="0" ShowType="0"><RC l="54172" t="20606" r="54472" b="22256"/><Item Type="UrlLink" Aim="af://n194" ID="0"/><MouseOverViewType LinkViewType="0" Color="0"/></Item><Item acp="936" Type="Link" Page="17" Color="00000000" Author="QQBkAG0AaQBuAGkAcwB0AHIAYQB0AG8AcgA=" Time="2019-04-09 12:30:42" id="305A5BF91CFC4CFFA24643212524ADFC" ReadOnly="0" MultiLineType="0" LineStyle="0" ShowType="0"><RC l="54172" t="42065" r="54472" b="43716"/><Item Type="UrlLink" Aim="af://n220" ID="0"/><MouseOverViewType LinkViewType="0" Color="0"/></Item><Item acp="936" Type="Link" Page="17" Color="00000000" Author="QQBkAG0AaQBuAGkAcwB0AHIAYQB0AG8AcgA=" Time="2019-03-30 16:47:49" id="F065862CF3FF43CCA275C6D1FB182DC3" ReadOnly="0" MultiLineType="0" LineStyle="0" ShowType="0"><RC l="54172" t="42065" r="54472" b="43716"/><Item Type="UrlLink" Aim="af://n220" ID="0"/><MouseOverViewType LinkViewType="0" Color="0"/></Item><Item acp="936" Type="Link" Page="18" Color="00000000" Author="QQBkAG0AaQBuAGkAcwB0AHIAYQB0AG8AcgA=" Time="2019-04-09 12:30:42" id="9D7F2D3B84404B1CB418A1356F0DD972" ReadOnly="0" MultiLineType="0" LineStyle="0" ShowType="0"><RC l="54172" t="52269" r="54547" b="54295"/><Item Type="UrlLink" Aim="af://n247" ID="0"/><MouseOverViewType LinkViewType="0" Color="0"/></Item><Item acp="936" Type="Link" Page="18" Color="00000000" Author="QQBkAG0AaQBuAGkAcwB0AHIAYQB0AG8AcgA=" Time="2019-03-30 16:47:49" id="4E8BA55C26974CF6B7E9AE5686F42D58" ReadOnly="0" MultiLineType="0" LineStyle="0" ShowType="0"><RC l="54172" t="52269" r="54547" b="54295"/><Item Type="UrlLink" Aim="af://n247" ID="0"/><MouseOverViewType LinkViewType="0" Color="0"/></Item><Item acp="936" Type="Link" Page="20" Color="00000000" Author="QQBkAG0AaQBuAGkAcwB0AHIAYQB0AG8AcgA=" Time="2019-04-09 12:30:42" id="D9E020CBAC3145938D3457A7C0BF59E0" ReadOnly="0" MultiLineType="0" LineStyle="0" ShowType="0"><RC l="54172" t="6425" r="54622" b="8751"/><Item Type="UrlLink" Aim="af://n252" ID="0"/><MouseOverViewType LinkViewType="0" Color="0"/></Item><Item acp="936" Type="Link" Page="20" Color="00000000" Author="QQBkAG0AaQBuAGkAcwB0AHIAYQB0AG8AcgA=" Time="2019-03-30 16:47:49" id="7356142B97094469A531A018F883A97E" ReadOnly="0" MultiLineType="0" LineStyle="0" ShowType="0"><RC l="54172" t="6425" r="54622" b="8751"/><Item Type="UrlLink" Aim="af://n252" ID="0"/><MouseOverViewType LinkViewType="0" Color="0"/></Item><Item acp="936" Type="Link" Page="23" Color="00000000" Author="QQBkAG0AaQBuAGkAcwB0AHIAYQB0AG8AcgA=" Time="2019-04-09 12:30:42" id="0C22C062E6C84110A9847BEDDFC2FBD9" ReadOnly="0" MultiLineType="0" LineStyle="0" ShowType="0"><RC l="54172" t="6425" r="54622" b="8751"/><Item Type="UrlLink" Aim="af://n297" ID="0"/><MouseOverViewType LinkViewType="0" Color="0"/></Item><Item acp="936" Type="Link" Page="23" Color="00000000" Author="QQBkAG0AaQBuAGkAcwB0AHIAYQB0AG8AcgA=" Time="2019-04-09 12:30:42" id="D3B835CBBFB0444A9A8535CAF11621FF" ReadOnly="0" MultiLineType="0" LineStyle="0" ShowType="0"><RC l="54172" t="10176" r="54547" b="12202"/><Item Type="UrlLink" Aim="af://n298" ID="0"/><MouseOverViewType LinkViewType="0" Color="0"/></Item><Item acp="936" Type="Link" Page="23" Color="00000000" Author="QQBkAG0AaQBuAGkAcwB0AHIAYQB0AG8AcgA=" Time="2019-03-30 16:47:49" id="FAE0B87CA9624DACBA5627E068C089A8" ReadOnly="0" MultiLineType="0" LineStyle="0" ShowType="0"><RC l="54172" t="6425" r="54622" b="8751"/><Item Type="UrlLink" Aim="af://n297" ID="0"/><MouseOverViewType LinkViewType="0" Color="0"/></Item><Item acp="936" Type="Link" Page="23" Color="00000000" Author="QQBkAG0AaQBuAGkAcwB0AHIAYQB0AG8AcgA=" Time="2019-03-30 16:47:49" id="DEED3EDA4F63494A9E713B758BAFDE3F" ReadOnly="0" MultiLineType="0" LineStyle="0" ShowType="0"><RC l="54172" t="10176" r="54547" b="12202"/><Item Type="UrlLink" Aim="af://n298" ID="0"/><MouseOverViewType LinkViewType="0" Color="0"/></Item><Item acp="936" Type="Link" Page="24" Color="00000000" Author="QQBkAG0AaQBuAGkAcwB0AHIAYQB0AG8AcgA=" Time="2019-04-09 12:30:42" id="4D0371EACD8D40C195F8A50C529E8293" ReadOnly="0" MultiLineType="0" LineStyle="0" ShowType="0"><RC l="54172" t="25333" r="54547" b="27359"/><Item Type="UrlLink" Aim="af://n303" ID="0"/><MouseOverViewType LinkViewType="0" Color="0"/></Item><Item acp="936" Type="Link" Page="24" Color="00000000" Author="QQBkAG0AaQBuAGkAcwB0AHIAYQB0AG8AcgA=" Time="2019-04-09 12:30:42" id="12E32D1AD34A450BA3510E00166453ED" ReadOnly="0" MultiLineType="0" LineStyle="0" ShowType="0"><RC l="54172" t="58647" r="54547" b="60673"/><Item Type="UrlLink" Aim="af://n306" ID="0"/><MouseOverViewType LinkViewType="0" Color="0"/></Item><Item acp="936" Type="Link" Page="24" Color="00000000" Author="QQBkAG0AaQBuAGkAcwB0AHIAYQB0AG8AcgA=" Time="2019-03-30 16:47:49" id="51A38D543F4C45AB829D6B11817A858A" ReadOnly="0" MultiLineType="0" LineStyle="0" ShowType="0"><RC l="54172" t="25333" r="54547" b="27359"/><Item Type="UrlLink" Aim="af://n303" ID="0"/><MouseOverViewType LinkViewType="0" Color="0"/></Item><Item acp="936" Type="Link" Page="24" Color="00000000" Author="QQBkAG0AaQBuAGkAcwB0AHIAYQB0AG8AcgA=" Time="2019-03-30 16:47:49" id="704B3C368CAF4AFA8CA5ACC3C8A7B177" ReadOnly="0" MultiLineType="0" LineStyle="0" ShowType="0"><RC l="54172" t="58647" r="54547" b="60673"/><Item Type="UrlLink" Aim="af://n306" ID="0"/><MouseOverViewType LinkViewType="0" Color="0"/></Item></NoteItems></Note-Package><FileProperty-Package/></Package>
