<?xml version="1.0" encoding="UTF-8"?>
<Package><Note-Package><NoteItems Author="Default" Guid="388BE547-7E72-4cb9-8DB6-F1A79D4AD50A" TextEncode1="Unicode" ReadOnly="False" IsImport="False" Version="1.0" Unit="PointsM"><Item acp="936" Type="Note" Page="22" Color="000000ff" DescText="2Y/2ZRlQYVO5ZTxQAE4sghpPiF8nWQ==" Author="QQBkAG0AaQBuAGkAcwB0AHIAYQB0AG8AcgA=" Time="2019-03-31 21:42:53" id="9378EE393A194E5391CB7F8BFB107502" ReadOnly="0" MultiLineType="0" FaceType="3" Transparency="100"><PT x="20973" y="54341"/></Item></NoteItems><NoteItems TextEncode1="Unicode" Version="1.0" Unit="PointsM" Embedded="True"><Item acp="936" Type="Link" Page="1" Color="00000000" Author="QQBkAG0AaQBuAGkAcwB0AHIAYQB0AG8AcgA=" Time="2019-03-31 16:07:52" id="CD513300B49348008413CBDEBB0C73B6" ReadOnly="0" MultiLineType="0" LineStyle="0" ShowType="0"><RC l="54172" t="8751" r="54773" b="11752"/><Item Type="UrlLink" Aim="af://n0" ID="0"/><MouseOverViewType LinkViewType="0" Color="0"/></Item><Item acp="936" Type="Link" Page="1" Color="00000000" Author="QQBkAG0AaQBuAGkAcwB0AHIAYQB0AG8AcgA=" Time="2019-03-31 16:07:52" id="EBF8972B15B841B99E34734BBB2F5D1C" ReadOnly="0" MultiLineType="0" LineStyle="0" ShowType="0"><RC l="54172" t="13103" r="54773" b="16104"/><Item Type="UrlLink" Aim="af://n2" ID="0"/><MouseOverViewType LinkViewType="0" Color="0"/></Item><Item acp="936" Type="Link" Page="2" Color="00000000" Author="QQBkAG0AaQBuAGkAcwB0AHIAYQB0AG8AcgA=" Time="2019-03-31 16:07:52" id="A3B1727FC385428D8A507D9970B55A56" ReadOnly="0" MultiLineType="0" LineStyle="0" ShowType="0"><RC l="5252" t="7100" r="15531" b="8451"/><Item Type="PageLink" Aim="1" ID="0"/><MouseOverViewType LinkViewType="0" Color="0"/></Item><Item acp="936" Type="Link" Page="2" Color="00000000" Author="QQBkAG0AaQBuAGkAcwB0AHIAYQB0AG8AcgA=" Time="2019-03-31 16:07:52" id="127BC94FC44B4986A43A039E470D15E1" ReadOnly="0" MultiLineType="0" LineStyle="0" ShowType="0"><RC l="5252" t="8451" r="19058" b="9801"/><Item Type="PageLink" Aim="1" ID="0"/><MouseOverViewType LinkViewType="0" Color="0"/></Item><Item acp="936" Type="Link" Page="2" Color="00000000" Author="QQBkAG0AaQBuAGkAcwB0AHIAYQB0AG8AcgA=" Time="2019-03-31 16:07:52" id="05F90FFEC9274E0D8A2DFE7BB52B7282" ReadOnly="0" MultiLineType="0" LineStyle="0" ShowType="0"><RC l="6977" t="9801" r="9453" b="11152"/><Item Type="PageLink" Aim="3" ID="0"/><MouseOverViewType LinkViewType="0" Color="0"/></Item><Item acp="936" Type="Link" Page="2" Color="00000000" Author="QQBkAG0AaQBuAGkAcwB0AHIAYQB0AG8AcgA=" Time="2019-03-31 16:07:52" id="18A42AE12B8A42E4A855D6BA4123275B" ReadOnly="0" MultiLineType="0" LineStyle="0" ShowType="0"><RC l="8778" t="11152" r="18982" b="12502"/><Item Type="PageLink" Aim="3" ID="0"/><MouseOverViewType LinkViewType="0" Color="0"/></Item><Item acp="936" Type="Link" Page="2" Color="00000000" Author="QQBkAG0AaQBuAGkAcwB0AHIAYQB0AG8AcgA=" Time="2019-03-31 16:07:52" id="01D5B15904E34F1A89056E2614ED0063" ReadOnly="0" MultiLineType="0" LineStyle="0" ShowType="0"><RC l="8778" t="12502" r="23709" b="13853"/><Item Type="PageLink" Aim="4" ID="0"/><MouseOverViewType LinkViewType="0" Color="0"/></Item><Item acp="936" Type="Link" Page="2" Color="00000000" Author="QQBkAG0AaQBuAGkAcwB0AHIAYQB0AG8AcgA=" Time="2019-03-31 16:07:52" id="D511DC891D2748CA875076B10663AA07" ReadOnly="0" MultiLineType="0" LineStyle="0" ShowType="0"><RC l="6977" t="13853" r="22134" b="15204"/><Item Type="PageLink" Aim="6" ID="0"/><MouseOverViewType LinkViewType="0" Color="0"/></Item><Item acp="936" Type="Link" Page="2" Color="00000000" Author="QQBkAG0AaQBuAGkAcwB0AHIAYQB0AG8AcgA=" Time="2019-03-31 16:07:52" id="D718F7359FFF4F9487480E948D6B0272" ReadOnly="0" MultiLineType="0" LineStyle="0" ShowType="0"><RC l="8778" t="15204" r="15456" b="16554"/><Item Type="PageLink" Aim="6" ID="0"/><MouseOverViewType LinkViewType="0" Color="0"/></Item><Item acp="936" Type="Link" Page="2" Color="00000000" Author="QQBkAG0AaQBuAGkAcwB0AHIAYQB0AG8AcgA=" Time="2019-03-31 16:07:52" id="082E0FA0B6A74A58886A66B939D9608A" ReadOnly="0" MultiLineType="0" LineStyle="0" ShowType="0"><RC l="8778" t="16554" r="12830" b="17905"/><Item Type="PageLink" Aim="8" ID="0"/><MouseOverViewType LinkViewType="0" Color="0"/></Item><Item acp="936" Type="Link" Page="2" Color="00000000" Author="QQBkAG0AaQBuAGkAcwB0AHIAYQB0AG8AcgA=" Time="2019-03-31 16:07:52" id="151C230CFBCA40768D331509DEE75603" ReadOnly="0" MultiLineType="0" LineStyle="0" ShowType="0"><RC l="8778" t="17905" r="22509" b="19255"/><Item Type="PageLink" Aim="10" ID="0"/><MouseOverViewType LinkViewType="0" Color="0"/></Item><Item acp="936" Type="Link" Page="2" Color="00000000" Author="QQBkAG0AaQBuAGkAcwB0AHIAYQB0AG8AcgA=" Time="2019-03-31 16:07:52" id="0757FDE343DC42D4AC81C26FDDBF4760" ReadOnly="0" MultiLineType="0" LineStyle="0" ShowType="0"><RC l="8778" t="19255" r="22509" b="20606"/><Item Type="PageLink" Aim="13" ID="0"/><MouseOverViewType LinkViewType="0" Color="0"/></Item><Item acp="936" Type="Link" Page="2" Color="00000000" Author="QQBkAG0AaQBuAGkAcwB0AHIAYQB0AG8AcgA=" Time="2019-03-31 16:07:52" id="66B0ECF91DFE44BBA1F35A9C96CF5094" ReadOnly="0" MultiLineType="0" LineStyle="0" ShowType="0"><RC l="6977" t="20606" r="18457" b="21956"/><Item Type="PageLink" Aim="15" ID="0"/><MouseOverViewType LinkViewType="0" Color="0"/></Item><Item acp="936" Type="Link" Page="2" Color="00000000" Author="QQBkAG0AaQBuAGkAcwB0AHIAYQB0AG8AcgA=" Time="2019-03-31 16:07:52" id="8F12840C5C0A49839732971AF6CACF4B" ReadOnly="0" MultiLineType="0" LineStyle="0" ShowType="0"><RC l="8778" t="21956" r="14931" b="23307"/><Item Type="PageLink" Aim="16" ID="0"/><MouseOverViewType LinkViewType="0" Color="0"/></Item><Item acp="936" Type="Link" Page="2" Color="00000000" Author="QQBkAG0AaQBuAGkAcwB0AHIAYQB0AG8AcgA=" Time="2019-03-31 16:07:52" id="2AF659191C604A4ABEFE4DC4AACF40D6" ReadOnly="0" MultiLineType="0" LineStyle="0" ShowType="0"><RC l="10504" t="23307" r="16206" b="24658"/><Item Type="PageLink" Aim="16" ID="0"/><MouseOverViewType LinkViewType="0" Color="0"/></Item><Item acp="936" Type="Link" Page="2" Color="00000000" Author="QQBkAG0AaQBuAGkAcwB0AHIAYQB0AG8AcgA=" Time="2019-03-31 16:07:52" id="DE024F44D7714817890833B48B2C68D9" ReadOnly="0" MultiLineType="0" LineStyle="0" ShowType="0"><RC l="12230" t="24658" r="22809" b="26008"/><Item Type="PageLink" Aim="16" ID="0"/><MouseOverViewType LinkViewType="0" Color="0"/></Item><Item acp="936" Type="Link" Page="2" Color="00000000" Author="QQBkAG0AaQBuAGkAcwB0AHIAYQB0AG8AcgA=" Time="2019-03-31 16:07:52" id="298AC65CEA1446AB8416D2DF3FC9BBA8" ReadOnly="0" MultiLineType="0" LineStyle="0" ShowType="0"><RC l="12230" t="26008" r="24010" b="27359"/><Item Type="PageLink" Aim="17" ID="0"/><MouseOverViewType LinkViewType="0" Color="0"/></Item><Item acp="936" Type="Link" Page="2" Color="00000000" Author="QQBkAG0AaQBuAGkAcwB0AHIAYQB0AG8AcgA=" Time="2019-03-31 16:07:52" id="9E890268DBC542438CDE45EA58E27DBF" ReadOnly="0" MultiLineType="0" LineStyle="0" ShowType="0"><RC l="12230" t="27359" r="23484" b="28709"/><Item Type="PageLink" Aim="20" ID="0"/><MouseOverViewType LinkViewType="0" Color="0"/></Item><Item acp="936" Type="Link" Page="2" Color="00000000" Author="QQBkAG0AaQBuAGkAcwB0AHIAYQB0AG8AcgA=" Time="2019-03-31 16:07:52" id="B1B4C7EF68824844AB1A4CB80DF20228" ReadOnly="0" MultiLineType="0" LineStyle="0" ShowType="0"><RC l="10504" t="28709" r="17107" b="30060"/><Item Type="PageLink" Aim="20" ID="0"/><MouseOverViewType LinkViewType="0" Color="0"/></Item><Item acp="936" Type="Link" Page="2" Color="00000000" Author="QQBkAG0AaQBuAGkAcwB0AHIAYQB0AG8AcgA=" Time="2019-03-31 16:07:52" id="005B182E87F94CA783BFD928EB4FFF67" ReadOnly="0" MultiLineType="0" LineStyle="0" ShowType="0"><RC l="12230" t="30060" r="18682" b="31410"/><Item Type="PageLink" Aim="21" ID="0"/><MouseOverViewType LinkViewType="0" Color="0"/></Item><Item acp="936" Type="Link" Page="2" Color="00000000" Author="QQBkAG0AaQBuAGkAcwB0AHIAYQB0AG8AcgA=" Time="2019-03-31 16:07:52" id="C8CDC5730AD44E2E9F216BEFE81704E0" ReadOnly="0" MultiLineType="0" LineStyle="0" ShowType="0"><RC l="12230" t="31410" r="20108" b="32761"/><Item Type="PageLink" Aim="21" ID="0"/><MouseOverViewType LinkViewType="0" Color="0"/></Item><Item acp="936" Type="Link" Page="2" Color="00000000" Author="QQBkAG0AaQBuAGkAcwB0AHIAYQB0AG8AcgA=" Time="2019-03-31 16:07:52" id="9B6B3CCDA74447FC97F3029E1C309C31" ReadOnly="0" MultiLineType="0" LineStyle="0" ShowType="0"><RC l="12230" t="32761" r="17407" b="34111"/><Item Type="PageLink" Aim="23" ID="0"/><MouseOverViewType LinkViewType="0" Color="0"/></Item><Item acp="936" Type="Link" Page="2" Color="00000000" Author="QQBkAG0AaQBuAGkAcwB0AHIAYQB0AG8AcgA=" Time="2019-03-31 16:07:52" id="9D4266BC2B3A48E0B392182A02858235" ReadOnly="0" MultiLineType="0" LineStyle="0" ShowType="0"><RC l="12230" t="34111" r="18682" b="35462"/><Item Type="PageLink" Aim="24" ID="0"/><MouseOverViewType LinkViewType="0" Color="0"/></Item><Item acp="936" Type="Link" Page="2" Color="00000000" Author="QQBkAG0AaQBuAGkAcwB0AHIAYQB0AG8AcgA=" Time="2019-03-31 16:07:52" id="5F37080CE01A4C4FA15D7B837CC17296" ReadOnly="0" MultiLineType="0" LineStyle="0" ShowType="0"><RC l="10504" t="35462" r="17107" b="36813"/><Item Type="PageLink" Aim="24" ID="0"/><MouseOverViewType LinkViewType="0" Color="0"/></Item><Item acp="936" Type="Link" Page="2" Color="00000000" Author="QQBkAG0AaQBuAGkAcwB0AHIAYQB0AG8AcgA=" Time="2019-03-31 16:07:52" id="6218171E82B347B78FBF3276BC1D9F9B" ReadOnly="0" MultiLineType="0" LineStyle="0" ShowType="0"><RC l="8778" t="36813" r="17257" b="38163"/><Item Type="PageLink" Aim="25" ID="0"/><MouseOverViewType LinkViewType="0" Color="0"/></Item><Item acp="936" Type="Link" Page="2" Color="00000000" Author="QQBkAG0AaQBuAGkAcwB0AHIAYQB0AG8AcgA=" Time="2019-03-31 16:07:52" id="AA572B519AEF4B98A38EBDE493BCF2C9" ReadOnly="0" MultiLineType="0" LineStyle="0" ShowType="0"><RC l="8778" t="38163" r="16431" b="39514"/><Item Type="PageLink" Aim="28" ID="0"/><MouseOverViewType LinkViewType="0" Color="0"/></Item><Item acp="936" Type="Link" Page="2" Color="00000000" Author="QQBkAG0AaQBuAGkAcwB0AHIAYQB0AG8AcgA=" Time="2019-03-31 16:07:52" id="9C722067CDC5484A98FB14D5A2B989D7" ReadOnly="0" MultiLineType="0" LineStyle="0" ShowType="0"><RC l="8778" t="39514" r="15456" b="40864"/><Item Type="PageLink" Aim="30" ID="0"/><MouseOverViewType LinkViewType="0" Color="0"/></Item><Item acp="936" Type="Link" Page="2" Color="00000000" Author="QQBkAG0AaQBuAGkAcwB0AHIAYQB0AG8AcgA=" Time="2019-03-31 16:07:52" id="B270679FA0E64403B3608CBADA534128" ReadOnly="0" MultiLineType="0" LineStyle="0" ShowType="0"><RC l="6977" t="40864" r="16131" b="42215"/><Item Type="PageLink" Aim="31" ID="0"/><MouseOverViewType LinkViewType="0" Color="0"/></Item><Item acp="936" Type="Link" Page="3" Color="00000000" Author="QQBkAG0AaQBuAGkAcwB0AHIAYQB0AG8AcgA=" Time="2019-03-31 16:07:52" id="5B596BD816E04177BD4BFB3A6590A088" ReadOnly="0" MultiLineType="0" LineStyle="0" ShowType="0"><RC l="54172" t="6425" r="54622" b="8751"/><Item Type="UrlLink" Aim="af://n15" ID="0"/><MouseOverViewType LinkViewType="0" Color="0"/></Item><Item acp="936" Type="Link" Page="3" Color="00000000" Author="QQBkAG0AaQBuAGkAcwB0AHIAYQB0AG8AcgA=" Time="2019-03-31 16:07:52" id="F0B7EFF9C17045C9909D2EE45D2FD8D6" ReadOnly="0" MultiLineType="0" LineStyle="0" ShowType="0"><RC l="54172" t="10176" r="54547" b="12202"/><Item Type="UrlLink" Aim="af://n16" ID="0"/><MouseOverViewType LinkViewType="0" Color="0"/></Item><Item acp="936" Type="Link" Page="4" Color="00000000" Author="QQBkAG0AaQBuAGkAcwB0AHIAYQB0AG8AcgA=" Time="2019-03-31 16:07:52" id="F5838055EA0D4886AE897E721CBE3E2E" ReadOnly="0" MultiLineType="0" LineStyle="0" ShowType="0"><RC l="54172" t="45441" r="54547" b="47467"/><Item Type="UrlLink" Aim="af://n38" ID="0"/><MouseOverViewType LinkViewType="0" Color="0"/></Item><Item acp="936" Type="Link" Page="6" Color="00000000" Author="QQBkAG0AaQBuAGkAcwB0AHIAYQB0AG8AcgA=" Time="2019-03-31 16:07:52" id="4B9506B44CE24D378722C8C1AC7D1189" ReadOnly="0" MultiLineType="0" LineStyle="0" ShowType="0"><RC l="54172" t="6425" r="54622" b="8751"/><Item Type="UrlLink" Aim="af://n56" ID="0"/><MouseOverViewType LinkViewType="0" Color="0"/></Item><Item acp="936" Type="Link" Page="6" Color="00000000" Author="QQBkAG0AaQBuAGkAcwB0AHIAYQB0AG8AcgA=" Time="2019-03-31 16:07:52" id="A674E1E1B3414359BB69DFD88CEC59CA" ReadOnly="0" MultiLineType="0" LineStyle="0" ShowType="0"><RC l="54172" t="10176" r="54547" b="12202"/><Item Type="UrlLink" Aim="af://n57" ID="0"/><MouseOverViewType LinkViewType="0" Color="0"/></Item><Item acp="936" Type="Link" Page="8" Color="00000000" Author="QQBkAG0AaQBuAGkAcwB0AHIAYQB0AG8AcgA=" Time="2019-03-31 16:07:52" id="F214F34DC92D4C22976DCA216902B06F" ReadOnly="0" MultiLineType="0" LineStyle="0" ShowType="0"><RC l="54172" t="60373" r="54547" b="62398"/><Item Type="UrlLink" Aim="af://n89" ID="0"/><MouseOverViewType LinkViewType="0" Color="0"/></Item><Item acp="936" Type="Link" Page="10" Color="00000000" Author="QQBkAG0AaQBuAGkAcwB0AHIAYQB0AG8AcgA=" Time="2019-03-31 16:07:52" id="EA9D7BBBACB0477D8DC8BCF0CA9A6EEF" ReadOnly="0" MultiLineType="0" LineStyle="0" ShowType="0"><RC l="54172" t="38538" r="54547" b="40564"/><Item Type="UrlLink" Aim="af://n120" ID="0"/><MouseOverViewType LinkViewType="0" Color="0"/></Item><Item acp="936" Type="Link" Page="13" Color="00000000" Author="QQBkAG0AaQBuAGkAcwB0AHIAYQB0AG8AcgA=" Time="2019-03-31 16:07:52" id="F7FE9FFCF36C4B059FB55987DA0D1313" ReadOnly="0" MultiLineType="0" LineStyle="0" ShowType="0"><RC l="54172" t="48067" r="54547" b="50093"/><Item Type="UrlLink" Aim="af://n155" ID="0"/><MouseOverViewType LinkViewType="0" Color="0"/></Item><Item acp="936" Type="Link" Page="15" Color="00000000" Author="QQBkAG0AaQBuAGkAcwB0AHIAYQB0AG8AcgA=" Time="2019-03-31 16:07:52" id="9D980EDBEA0646DFB219C1AEDAFABD17" ReadOnly="0" MultiLineType="0" LineStyle="0" ShowType="0"><RC l="54172" t="6425" r="54622" b="8751"/><Item Type="UrlLink" Aim="af://n181" ID="0"/><MouseOverViewType LinkViewType="0" Color="0"/></Item><Item acp="936" Type="Link" Page="16" Color="00000000" Author="QQBkAG0AaQBuAGkAcwB0AHIAYQB0AG8AcgA=" Time="2019-03-31 16:07:52" id="074BD75A292B4873B00D530F2D287CD0" ReadOnly="0" MultiLineType="0" LineStyle="0" ShowType="0"><RC l="54172" t="30660" r="54547" b="32686"/><Item Type="UrlLink" Aim="af://n200" ID="0"/><MouseOverViewType LinkViewType="0" Color="0"/></Item><Item acp="936" Type="Link" Page="16" Color="00000000" Author="QQBkAG0AaQBuAGkAcwB0AHIAYQB0AG8AcgA=" Time="2019-03-31 16:07:52" id="246F0CC97C0E43789DAFF9C7E1F14681" ReadOnly="0" MultiLineType="0" LineStyle="0" ShowType="0"><RC l="54172" t="43265" r="54472" b="44916"/><Item Type="UrlLink" Aim="af://n203" ID="0"/><MouseOverViewType LinkViewType="0" Color="0"/></Item><Item acp="936" Type="Link" Page="16" Color="00000000" Author="QQBkAG0AaQBuAGkAcwB0AHIAYQB0AG8AcgA=" Time="2019-03-31 16:07:52" id="58AEED0939E543D6948E4BDFF97FEAD0" ReadOnly="0" MultiLineType="0" LineStyle="0" ShowType="0"><RC l="54172" t="45891" r="54472" b="47242"/><Item Type="UrlLink" Aim="af://n204" ID="0"/><MouseOverViewType LinkViewType="0" Color="0"/></Item><Item acp="936" Type="Link" Page="17" Color="00000000" Author="QQBkAG0AaQBuAGkAcwB0AHIAYQB0AG8AcgA=" Time="2019-03-31 16:07:52" id="49995B43E27642FABC045784009D3553" ReadOnly="0" MultiLineType="0" LineStyle="0" ShowType="0"><RC l="54172" t="35162" r="54472" b="36512"/><Item Type="UrlLink" Aim="af://n214" ID="0"/><MouseOverViewType LinkViewType="0" Color="0"/></Item><Item acp="936" Type="Link" Page="20" Color="00000000" Author="QQBkAG0AaQBuAGkAcwB0AHIAYQB0AG8AcgA=" Time="2019-03-31 16:07:52" id="AF8B594A4D0A423F8BCA4A3F51B23705" ReadOnly="0" MultiLineType="0" LineStyle="0" ShowType="0"><RC l="54172" t="61498" r="54472" b="62849"/><Item Type="UrlLink" Aim="af://n275" ID="0"/><MouseOverViewType LinkViewType="0" Color="0"/></Item><Item acp="936" Type="Link" Page="20" Color="00000000" Author="QQBkAG0AaQBuAGkAcwB0AHIAYQB0AG8AcgA=" Time="2019-03-31 16:07:52" id="063E5CB8B5954585A86EFDFC226F3960" ReadOnly="0" MultiLineType="0" LineStyle="0" ShowType="0"><RC l="54172" t="74553" r="54472" b="76204"/><Item Type="UrlLink" Aim="af://n278" ID="0"/><MouseOverViewType LinkViewType="0" Color="0"/></Item><Item acp="936" Type="Link" Page="21" Color="00000000" Author="QQBkAG0AaQBuAGkAcwB0AHIAYQB0AG8AcgA=" Time="2019-03-31 16:07:52" id="1D451F62DC254DB1863F64CE14B0B244" ReadOnly="0" MultiLineType="0" LineStyle="0" ShowType="0"><RC l="54172" t="13328" r="54472" b="14678"/><Item Type="UrlLink" Aim="af://n281" ID="0"/><MouseOverViewType LinkViewType="0" Color="0"/></Item><Item acp="936" Type="Link" Page="21" Color="00000000" Author="QQBkAG0AaQBuAGkAcwB0AHIAYQB0AG8AcgA=" Time="2019-03-31 16:07:52" id="3B7642BFE0E44264967677E56004611E" ReadOnly="0" MultiLineType="0" LineStyle="0" ShowType="0"><RC l="54172" t="56771" r="54472" b="58122"/><Item Type="UrlLink" Aim="af://n289" ID="0"/><MouseOverViewType LinkViewType="0" Color="0"/></Item><Item acp="936" Type="Link" Page="23" Color="00000000" Author="QQBkAG0AaQBuAGkAcwB0AHIAYQB0AG8AcgA=" Time="2019-03-31 16:07:52" id="681EDBAACA684FF8A15132FA5AF8326E" ReadOnly="0" MultiLineType="0" LineStyle="0" ShowType="0"><RC l="54172" t="33511" r="54472" b="34862"/><Item Type="UrlLink" Aim="af://n316" ID="0"/><MouseOverViewType LinkViewType="0" Color="0"/></Item><Item acp="936" Type="Link" Page="24" Color="00000000" Author="QQBkAG0AaQBuAGkAcwB0AHIAYQB0AG8AcgA=" Time="2019-03-31 16:07:52" id="35F240492B8C4993BD53CDDE2D905399" ReadOnly="0" MultiLineType="0" LineStyle="0" ShowType="0"><RC l="54172" t="5600" r="54472" b="6950"/><Item Type="UrlLink" Aim="af://n323" ID="0"/><MouseOverViewType LinkViewType="0" Color="0"/></Item><Item acp="936" Type="Link" Page="24" Color="00000000" Author="QQBkAG0AaQBuAGkAcwB0AHIAYQB0AG8AcgA=" Time="2019-03-31 16:07:52" id="07A4CBAC3D1B44AFBAAA0F5548E9E24E" ReadOnly="0" MultiLineType="0" LineStyle="0" ShowType="0"><RC l="54172" t="41990" r="54472" b="43641"/><Item Type="UrlLink" Aim="af://n330" ID="0"/><MouseOverViewType LinkViewType="0" Color="0"/></Item><Item acp="936" Type="Link" Page="25" Color="00000000" Author="QQBkAG0AaQBuAGkAcwB0AHIAYQB0AG8AcgA=" Time="2019-03-31 16:07:52" id="E46A0BFB3C11487BAAB5B7E25FE4F093" ReadOnly="0" MultiLineType="0" LineStyle="0" ShowType="0"><RC l="54172" t="42665" r="54547" b="44691"/><Item Type="UrlLink" Aim="af://n366" ID="0"/><MouseOverViewType LinkViewType="0" Color="0"/></Item><Item acp="936" Type="Link" Page="28" Color="00000000" Author="QQBkAG0AaQBuAGkAcwB0AHIAYQB0AG8AcgA=" Time="2019-03-31 16:07:52" id="6E9E806F6F504A2AAAD65E78A7EDDC17" ReadOnly="0" MultiLineType="0" LineStyle="0" ShowType="0"><RC l="54172" t="70877" r="54547" b="72903"/><Item Type="UrlLink" Aim="af://n416" ID="0"/><MouseOverViewType LinkViewType="0" Color="0"/></Item><Item acp="936" Type="Link" Page="30" Color="00000000" Author="QQBkAG0AaQBuAGkAcwB0AHIAYQB0AG8AcgA=" Time="2019-03-31 16:07:52" id="FAE19A1677FC42949447DA43A34E0F7B" ReadOnly="0" MultiLineType="0" LineStyle="0" ShowType="0"><RC l="54172" t="50693" r="54547" b="52719"/><Item Type="UrlLink" Aim="af://n433" ID="0"/><MouseOverViewType LinkViewType="0" Color="0"/></Item><Item acp="936" Type="Link" Page="31" Color="00000000" Author="QQBkAG0AaQBuAGkAcwB0AHIAYQB0AG8AcgA=" Time="2019-03-31 16:07:52" id="56EB9BDCE9534BA8820B9222E3707F98" ReadOnly="0" MultiLineType="0" LineStyle="0" ShowType="0"><RC l="54172" t="6425" r="54622" b="8751"/><Item Type="UrlLink" Aim="af://n437" ID="0"/><MouseOverViewType LinkViewType="0" Color="0"/></Item></NoteItems></Note-Package><FileProperty-Package/></Package>
