<?xml version="1.0" encoding="UTF-8"?>
<Package><Note-Package><NoteItems Author="Default" Guid="388BE547-7E72-4cb9-8DB6-F1A79D4AD50A" TextEncode1="Unicode" ReadOnly="False" IsImport="False" Version="1.0" Unit="PointsM"><Item acp="936" Type="Note" Page="7" Color="000000ff" DescText="eQCEdvpRsHORmIdz" Author="QQBkAG0AaQBuAGkAcwB0AHIAYQB0AG8AcgA=" Time="2019-04-02 22:44:16" id="847BA5ED98574176985EA3F13F84716F" ReadOnly="0" MultiLineType="98012104" FaceType="3" Transparency="100"><PT x="18304" y="28134"/></Item><Item acp="936" Type="Note" Page="7" Color="000000ff" DescText="lpkJkGIAYQBsAGEAbgBjAGUAZAC5ZdVsDP+CWZxnSGWcZw1OfVkM/w0ACgCNUQmQYwBsAGEAcwBzAF8AdwBlAGkAZwBoAHQA" Author="QQBkAG0AaQBuAGkAcwB0AHIAYQB0AG8AcgA=" Time="2019-04-02 22:44:59" id="5B526D7EF66A499CA97B536D1B19DD59" ReadOnly="0" MultiLineType="98011832" FaceType="3" Transparency="100"><PT x="46865" y="27863"/></Item></NoteItems><NoteItems TextEncode1="Unicode" Version="1.0" Unit="PointsM" Embedded="True"><Item acp="936" Type="Link" Page="1" Color="00000000" Author="QQBkAG0AaQBuAGkAcwB0AHIAYQB0AG8AcgA=" Time="2019-04-02 22:21:22" id="8F05E924888A420099FFD0367104421F" ReadOnly="0" MultiLineType="0" LineStyle="0" ShowType="0"><RC l="54172" t="8751" r="54773" b="11752"/><Item Type="UrlLink" Aim="af://n0" ID="0"/><MouseOverViewType LinkViewType="0" Color="0"/></Item><Item acp="936" Type="Link" Page="1" Color="00000000" Author="QQBkAG0AaQBuAGkAcwB0AHIAYQB0AG8AcgA=" Time="2019-04-02 22:21:22" id="A1683DEDF51C4C4F95BE309C31688E96" ReadOnly="0" MultiLineType="0" LineStyle="0" ShowType="0"><RC l="54172" t="13103" r="54773" b="16104"/><Item Type="UrlLink" Aim="af://n2" ID="0"/><MouseOverViewType LinkViewType="0" Color="0"/></Item><Item acp="936" Type="Link" Page="2" Color="00000000" Author="QQBkAG0AaQBuAGkAcwB0AHIAYQB0AG8AcgA=" Time="2019-04-02 22:21:22" id="C5391E0544374B33B10B05708E4D9E89" ReadOnly="0" MultiLineType="0" LineStyle="0" ShowType="0"><RC l="5252" t="7100" r="15531" b="8451"/><Item Type="PageLink" Aim="1" ID="0"/><MouseOverViewType LinkViewType="0" Color="0"/></Item><Item acp="936" Type="Link" Page="2" Color="00000000" Author="QQBkAG0AaQBuAGkAcwB0AHIAYQB0AG8AcgA=" Time="2019-04-02 22:21:22" id="93374908D18547A1A9AD75C2C2B486A8" ReadOnly="0" MultiLineType="0" LineStyle="0" ShowType="0"><RC l="5252" t="8451" r="19208" b="9801"/><Item Type="PageLink" Aim="1" ID="0"/><MouseOverViewType LinkViewType="0" Color="0"/></Item><Item acp="936" Type="Link" Page="2" Color="00000000" Author="QQBkAG0AaQBuAGkAcwB0AHIAYQB0AG8AcgA=" Time="2019-04-02 22:21:22" id="EA56497B202742D5A4DC401104A7F096" ReadOnly="0" MultiLineType="0" LineStyle="0" ShowType="0"><RC l="6977" t="9801" r="14556" b="11152"/><Item Type="PageLink" Aim="3" ID="0"/><MouseOverViewType LinkViewType="0" Color="0"/></Item><Item acp="936" Type="Link" Page="2" Color="00000000" Author="QQBkAG0AaQBuAGkAcwB0AHIAYQB0AG8AcgA=" Time="2019-04-02 22:21:22" id="7A8CF4BDFFEE4E9592A94C7578B74E7C" ReadOnly="0" MultiLineType="0" LineStyle="0" ShowType="0"><RC l="8778" t="11152" r="20558" b="12502"/><Item Type="PageLink" Aim="3" ID="0"/><MouseOverViewType LinkViewType="0" Color="0"/></Item><Item acp="936" Type="Link" Page="2" Color="00000000" Author="QQBkAG0AaQBuAGkAcwB0AHIAYQB0AG8AcgA=" Time="2019-04-02 22:21:22" id="34C19ABC7DA64820A6895719EEA925B8" ReadOnly="0" MultiLineType="0" LineStyle="0" ShowType="0"><RC l="8778" t="12502" r="16882" b="13853"/><Item Type="PageLink" Aim="4" ID="0"/><MouseOverViewType LinkViewType="0" Color="0"/></Item><Item acp="936" Type="Link" Page="2" Color="00000000" Author="QQBkAG0AaQBuAGkAcwB0AHIAYQB0AG8AcgA=" Time="2019-04-02 22:21:22" id="6AC88A3F236945809AC7AF1B202E3F38" ReadOnly="0" MultiLineType="0" LineStyle="0" ShowType="0"><RC l="8778" t="13853" r="31738" b="15204"/><Item Type="PageLink" Aim="6" ID="0"/><MouseOverViewType LinkViewType="0" Color="0"/></Item><Item acp="936" Type="Link" Page="2" Color="00000000" Author="QQBkAG0AaQBuAGkAcwB0AHIAYQB0AG8AcgA=" Time="2019-04-02 22:21:22" id="5A27835BBA1E45EEBF77848A837D2023" ReadOnly="0" MultiLineType="0" LineStyle="0" ShowType="0"><RC l="6977" t="15204" r="15381" b="16554"/><Item Type="PageLink" Aim="10" ID="0"/><MouseOverViewType LinkViewType="0" Color="0"/></Item><Item acp="936" Type="Link" Page="2" Color="00000000" Author="QQBkAG0AaQBuAGkAcwB0AHIAYQB0AG8AcgA=" Time="2019-04-02 22:21:22" id="3E63D781AC58447FB37927CABEB67BFD" ReadOnly="0" MultiLineType="0" LineStyle="0" ShowType="0"><RC l="8778" t="16554" r="22509" b="17905"/><Item Type="PageLink" Aim="10" ID="0"/><MouseOverViewType LinkViewType="0" Color="0"/></Item><Item acp="936" Type="Link" Page="2" Color="00000000" Author="QQBkAG0AaQBuAGkAcwB0AHIAYQB0AG8AcgA=" Time="2019-04-02 22:21:22" id="418D2FAF98FA476E80408DB09B56B664" ReadOnly="0" MultiLineType="0" LineStyle="0" ShowType="0"><RC l="10504" t="17905" r="21459" b="19255"/><Item Type="PageLink" Aim="11" ID="0"/><MouseOverViewType LinkViewType="0" Color="0"/></Item><Item acp="936" Type="Link" Page="2" Color="00000000" Author="QQBkAG0AaQBuAGkAcwB0AHIAYQB0AG8AcgA=" Time="2019-04-02 22:21:22" id="7E0CDFF3DEF74722B6DFE4AFDA26AFAA" ReadOnly="0" MultiLineType="0" LineStyle="0" ShowType="0"><RC l="10504" t="19255" r="30988" b="20606"/><Item Type="PageLink" Aim="11" ID="0"/><MouseOverViewType LinkViewType="0" Color="0"/></Item><Item acp="936" Type="Link" Page="2" Color="00000000" Author="QQBkAG0AaQBuAGkAcwB0AHIAYQB0AG8AcgA=" Time="2019-04-02 22:21:22" id="23B02B88D305431A97658A2F8FC1FE22" ReadOnly="0" MultiLineType="0" LineStyle="0" ShowType="0"><RC l="10504" t="20606" r="26786" b="21956"/><Item Type="PageLink" Aim="13" ID="0"/><MouseOverViewType LinkViewType="0" Color="0"/></Item><Item acp="936" Type="Link" Page="2" Color="00000000" Author="QQBkAG0AaQBuAGkAcwB0AHIAYQB0AG8AcgA=" Time="2019-04-02 22:21:22" id="4B252128762C4A5796AFD10A6A0D1894" ReadOnly="0" MultiLineType="0" LineStyle="0" ShowType="0"><RC l="10504" t="21956" r="20933" b="23307"/><Item Type="PageLink" Aim="13" ID="0"/><MouseOverViewType LinkViewType="0" Color="0"/></Item><Item acp="936" Type="Link" Page="2" Color="00000000" Author="QQBkAG0AaQBuAGkAcwB0AHIAYQB0AG8AcgA=" Time="2019-04-02 22:21:22" id="C9C50C44B3894BF080CCBB76E52DE6CF" ReadOnly="0" MultiLineType="0" LineStyle="0" ShowType="0"><RC l="8778" t="23307" r="19883" b="24658"/><Item Type="PageLink" Aim="14" ID="0"/><MouseOverViewType LinkViewType="0" Color="0"/></Item><Item acp="936" Type="Link" Page="2" Color="00000000" Author="QQBkAG0AaQBuAGkAcwB0AHIAYQB0AG8AcgA=" Time="2019-04-02 22:21:22" id="E0BE142D32A04F8884EB5FE74D593898" ReadOnly="0" MultiLineType="0" LineStyle="0" ShowType="0"><RC l="10504" t="24658" r="26486" b="26008"/><Item Type="PageLink" Aim="14" ID="0"/><MouseOverViewType LinkViewType="0" Color="0"/></Item><Item acp="936" Type="Link" Page="2" Color="00000000" Author="QQBkAG0AaQBuAGkAcwB0AHIAYQB0AG8AcgA=" Time="2019-04-02 22:21:22" id="10582D1038784224BB9DA68689BFECD8" ReadOnly="0" MultiLineType="0" LineStyle="0" ShowType="0"><RC l="10504" t="26008" r="45769" b="27359"/><Item Type="PageLink" Aim="16" ID="0"/><MouseOverViewType LinkViewType="0" Color="0"/></Item><Item acp="936" Type="Link" Page="2" Color="00000000" Author="QQBkAG0AaQBuAGkAcwB0AHIAYQB0AG8AcgA=" Time="2019-04-02 22:21:22" id="759C23DB4A5646E28F28E92B439D2F91" ReadOnly="0" MultiLineType="0" LineStyle="0" ShowType="0"><RC l="10504" t="27359" r="20633" b="28709"/><Item Type="PageLink" Aim="18" ID="0"/><MouseOverViewType LinkViewType="0" Color="0"/></Item><Item acp="936" Type="Link" Page="2" Color="00000000" Author="QQBkAG0AaQBuAGkAcwB0AHIAYQB0AG8AcgA=" Time="2019-04-02 22:21:22" id="FF0985CAC344456592172911A651531D" ReadOnly="0" MultiLineType="0" LineStyle="0" ShowType="0"><RC l="10504" t="28709" r="25360" b="30060"/><Item Type="PageLink" Aim="19" ID="0"/><MouseOverViewType LinkViewType="0" Color="0"/></Item><Item acp="936" Type="Link" Page="2" Color="00000000" Author="QQBkAG0AaQBuAGkAcwB0AHIAYQB0AG8AcgA=" Time="2019-04-02 22:21:22" id="301AE6E5176442A99692520559B05ECC" ReadOnly="0" MultiLineType="0" LineStyle="0" ShowType="0"><RC l="10504" t="30060" r="23259" b="31410"/><Item Type="PageLink" Aim="20" ID="0"/><MouseOverViewType LinkViewType="0" Color="0"/></Item><Item acp="936" Type="Link" Page="2" Color="00000000" Author="QQBkAG0AaQBuAGkAcwB0AHIAYQB0AG8AcgA=" Time="2019-04-02 22:21:22" id="D24099EFCD784E98AA7A474882BBE803" ReadOnly="0" MultiLineType="0" LineStyle="0" ShowType="0"><RC l="6977" t="31410" r="16281" b="32761"/><Item Type="PageLink" Aim="22" ID="0"/><MouseOverViewType LinkViewType="0" Color="0"/></Item><Item acp="936" Type="Link" Page="2" Color="00000000" Author="QQBkAG0AaQBuAGkAcwB0AHIAYQB0AG8AcgA=" Time="2019-04-02 22:21:22" id="2FFB549DC6BF4DFF80DE6FAEA123067A" ReadOnly="0" MultiLineType="0" LineStyle="0" ShowType="0"><RC l="8778" t="32761" r="32338" b="34111"/><Item Type="PageLink" Aim="22" ID="0"/><MouseOverViewType LinkViewType="0" Color="0"/></Item><Item acp="936" Type="Link" Page="2" Color="00000000" Author="QQBkAG0AaQBuAGkAcwB0AHIAYQB0AG8AcgA=" Time="2019-04-02 22:21:22" id="160C93F72CA348F9A66E3ACFC6885591" ReadOnly="0" MultiLineType="0" LineStyle="0" ShowType="0"><RC l="8778" t="34111" r="17257" b="35462"/><Item Type="PageLink" Aim="24" ID="0"/><MouseOverViewType LinkViewType="0" Color="0"/></Item><Item acp="936" Type="Link" Page="2" Color="00000000" Author="QQBkAG0AaQBuAGkAcwB0AHIAYQB0AG8AcgA=" Time="2019-04-02 22:21:22" id="F06BA7AB25404608B1ED718C12DF06E0" ReadOnly="0" MultiLineType="0" LineStyle="0" ShowType="0"><RC l="8778" t="35462" r="24685" b="36813"/><Item Type="PageLink" Aim="24" ID="0"/><MouseOverViewType LinkViewType="0" Color="0"/></Item><Item acp="936" Type="Link" Page="2" Color="00000000" Author="QQBkAG0AaQBuAGkAcwB0AHIAYQB0AG8AcgA=" Time="2019-04-02 22:21:22" id="7073A9EF14184B10830F91E20BD2DE0E" ReadOnly="0" MultiLineType="0" LineStyle="0" ShowType="0"><RC l="8778" t="36813" r="17932" b="38163"/><Item Type="PageLink" Aim="24" ID="0"/><MouseOverViewType LinkViewType="0" Color="0"/></Item><Item acp="936" Type="Link" Page="2" Color="00000000" Author="QQBkAG0AaQBuAGkAcwB0AHIAYQB0AG8AcgA=" Time="2019-04-02 22:21:22" id="0104F20469104701B02CFA876BE9BB38" ReadOnly="0" MultiLineType="0" LineStyle="0" ShowType="0"><RC l="8778" t="38163" r="23109" b="39514"/><Item Type="PageLink" Aim="25" ID="0"/><MouseOverViewType LinkViewType="0" Color="0"/></Item><Item acp="936" Type="Link" Page="2" Color="00000000" Author="QQBkAG0AaQBuAGkAcwB0AHIAYQB0AG8AcgA=" Time="2019-04-02 22:21:22" id="54EE645E3C3E4C7D976EC5F70D043549" ReadOnly="0" MultiLineType="0" LineStyle="0" ShowType="0"><RC l="6977" t="39514" r="23334" b="40864"/><Item Type="PageLink" Aim="26" ID="0"/><MouseOverViewType LinkViewType="0" Color="0"/></Item><Item acp="936" Type="Link" Page="2" Color="00000000" Author="QQBkAG0AaQBuAGkAcwB0AHIAYQB0AG8AcgA=" Time="2019-04-02 22:21:22" id="F55867019F7A4AC08085CF58F81E19C6" ReadOnly="0" MultiLineType="0" LineStyle="0" ShowType="0"><RC l="8778" t="40864" r="18982" b="42215"/><Item Type="PageLink" Aim="26" ID="0"/><MouseOverViewType LinkViewType="0" Color="0"/></Item><Item acp="936" Type="Link" Page="2" Color="00000000" Author="QQBkAG0AaQBuAGkAcwB0AHIAYQB0AG8AcgA=" Time="2019-04-02 22:21:22" id="B4B5199B5261455785A2CF031836F7CF" ReadOnly="0" MultiLineType="0" LineStyle="0" ShowType="0"><RC l="8778" t="42215" r="18082" b="43565"/><Item Type="PageLink" Aim="28" ID="0"/><MouseOverViewType LinkViewType="0" Color="0"/></Item><Item acp="936" Type="Link" Page="2" Color="00000000" Author="QQBkAG0AaQBuAGkAcwB0AHIAYQB0AG8AcgA=" Time="2019-04-02 22:21:22" id="E31299B7D4314C789028B19D511BCAB1" ReadOnly="0" MultiLineType="0" LineStyle="0" ShowType="0"><RC l="8778" t="43565" r="21609" b="44916"/><Item Type="PageLink" Aim="29" ID="0"/><MouseOverViewType LinkViewType="0" Color="0"/></Item><Item acp="936" Type="Link" Page="2" Color="00000000" Author="QQBkAG0AaQBuAGkAcwB0AHIAYQB0AG8AcgA=" Time="2019-04-02 22:21:22" id="8DE56FA6C60344878324E7FF72881898" ReadOnly="0" MultiLineType="0" LineStyle="0" ShowType="0"><RC l="10504" t="44916" r="20633" b="46267"/><Item Type="PageLink" Aim="29" ID="0"/><MouseOverViewType LinkViewType="0" Color="0"/></Item><Item acp="936" Type="Link" Page="2" Color="00000000" Author="QQBkAG0AaQBuAGkAcwB0AHIAYQB0AG8AcgA=" Time="2019-04-02 22:21:22" id="E9C5931741734AA795B23FB304B16C3C" ReadOnly="0" MultiLineType="0" LineStyle="0" ShowType="0"><RC l="10504" t="46267" r="20633" b="47617"/><Item Type="PageLink" Aim="29" ID="0"/><MouseOverViewType LinkViewType="0" Color="0"/></Item><Item acp="936" Type="Link" Page="2" Color="00000000" Author="QQBkAG0AaQBuAGkAcwB0AHIAYQB0AG8AcgA=" Time="2019-04-02 22:21:22" id="3F4EDEA30EE0478FBB86FD4129D130C8" ReadOnly="0" MultiLineType="0" LineStyle="0" ShowType="0"><RC l="10504" t="47617" r="20633" b="48968"/><Item Type="PageLink" Aim="31" ID="0"/><MouseOverViewType LinkViewType="0" Color="0"/></Item><Item acp="936" Type="Link" Page="2" Color="00000000" Author="QQBkAG0AaQBuAGkAcwB0AHIAYQB0AG8AcgA=" Time="2019-04-02 22:21:22" id="6B2EB31DD9FE48958196A90ED17A2BE6" ReadOnly="0" MultiLineType="0" LineStyle="0" ShowType="0"><RC l="10504" t="48968" r="22359" b="50318"/><Item Type="PageLink" Aim="37" ID="0"/><MouseOverViewType LinkViewType="0" Color="0"/></Item><Item acp="936" Type="Link" Page="2" Color="00000000" Author="QQBkAG0AaQBuAGkAcwB0AHIAYQB0AG8AcgA=" Time="2019-04-02 22:21:22" id="4DD8902DEBA44F98BD32B3C9C280763C" ReadOnly="0" MultiLineType="0" LineStyle="0" ShowType="0"><RC l="10504" t="50318" r="26786" b="51669"/><Item Type="PageLink" Aim="37" ID="0"/><MouseOverViewType LinkViewType="0" Color="0"/></Item><Item acp="936" Type="Link" Page="2" Color="00000000" Author="QQBkAG0AaQBuAGkAcwB0AHIAYQB0AG8AcgA=" Time="2019-04-02 22:21:22" id="B63647188DED4609B96350F70AD41DD1" ReadOnly="0" MultiLineType="0" LineStyle="0" ShowType="0"><RC l="10504" t="51669" r="24085" b="53019"/><Item Type="PageLink" Aim="38" ID="0"/><MouseOverViewType LinkViewType="0" Color="0"/></Item><Item acp="936" Type="Link" Page="2" Color="00000000" Author="QQBkAG0AaQBuAGkAcwB0AHIAYQB0AG8AcgA=" Time="2019-04-02 22:21:22" id="1D6CEBE206C24F3084901381998DCF74" ReadOnly="0" MultiLineType="0" LineStyle="0" ShowType="0"><RC l="10504" t="53019" r="23259" b="54370"/><Item Type="PageLink" Aim="39" ID="0"/><MouseOverViewType LinkViewType="0" Color="0"/></Item><Item acp="936" Type="Link" Page="2" Color="00000000" Author="QQBkAG0AaQBuAGkAcwB0AHIAYQB0AG8AcgA=" Time="2019-04-02 22:21:22" id="DEB90BAFBD51484FB7BFE56EE63A748A" ReadOnly="0" MultiLineType="0" LineStyle="0" ShowType="0"><RC l="8778" t="54370" r="16356" b="55721"/><Item Type="PageLink" Aim="39" ID="0"/><MouseOverViewType LinkViewType="0" Color="0"/></Item><Item acp="936" Type="Link" Page="2" Color="00000000" Author="QQBkAG0AaQBuAGkAcwB0AHIAYQB0AG8AcgA=" Time="2019-04-02 22:21:22" id="322805EE3B704C98A6765D7534B50AD4" ReadOnly="0" MultiLineType="0" LineStyle="0" ShowType="0"><RC l="8778" t="55721" r="13730" b="57071"/><Item Type="PageLink" Aim="40" ID="0"/><MouseOverViewType LinkViewType="0" Color="0"/></Item><Item acp="936" Type="Link" Page="2" Color="00000000" Author="QQBkAG0AaQBuAGkAcwB0AHIAYQB0AG8AcgA=" Time="2019-04-02 22:21:22" id="396B331D5C3A4C649F8038A506FFE222" ReadOnly="0" MultiLineType="0" LineStyle="0" ShowType="0"><RC l="10504" t="57071" r="18607" b="58422"/><Item Type="PageLink" Aim="40" ID="0"/><MouseOverViewType LinkViewType="0" Color="0"/></Item><Item acp="936" Type="Link" Page="2" Color="00000000" Author="QQBkAG0AaQBuAGkAcwB0AHIAYQB0AG8AcgA=" Time="2019-04-02 22:21:22" id="83AB96B3B37941C1A03F2203962CABC8" ReadOnly="0" MultiLineType="0" LineStyle="0" ShowType="0"><RC l="10504" t="58422" r="18832" b="59772"/><Item Type="PageLink" Aim="41" ID="0"/><MouseOverViewType LinkViewType="0" Color="0"/></Item><Item acp="936" Type="Link" Page="2" Color="00000000" Author="QQBkAG0AaQBuAGkAcwB0AHIAYQB0AG8AcgA=" Time="2019-04-02 22:21:22" id="15A9AD13F1334357AA7F725F473A7B1E" ReadOnly="0" MultiLineType="0" LineStyle="0" ShowType="0"><RC l="10504" t="59772" r="16206" b="61123"/><Item Type="PageLink" Aim="43" ID="0"/><MouseOverViewType LinkViewType="0" Color="0"/></Item><Item acp="936" Type="Link" Page="2" Color="00000000" Author="QQBkAG0AaQBuAGkAcwB0AHIAYQB0AG8AcgA=" Time="2019-04-02 22:21:22" id="0DE4F731E0B34C40A56733D29F7500A2" ReadOnly="0" MultiLineType="0" LineStyle="0" ShowType="0"><RC l="8778" t="61123" r="16131" b="62473"/><Item Type="PageLink" Aim="46" ID="0"/><MouseOverViewType LinkViewType="0" Color="0"/></Item><Item acp="936" Type="Link" Page="3" Color="00000000" Author="QQBkAG0AaQBuAGkAcwB0AHIAYQB0AG8AcgA=" Time="2019-04-02 22:21:22" id="7F0A5B7D40944B87ACD03A9513DD1AFF" ReadOnly="0" MultiLineType="0" LineStyle="0" ShowType="0"><RC l="54172" t="6425" r="54622" b="8751"/><Item Type="UrlLink" Aim="af://n16" ID="0"/><MouseOverViewType LinkViewType="0" Color="0"/></Item><Item acp="936" Type="Link" Page="3" Color="00000000" Author="QQBkAG0AaQBuAGkAcwB0AHIAYQB0AG8AcgA=" Time="2019-04-02 22:21:22" id="5A2D9878A22C46DB82F2F586D0785877" ReadOnly="0" MultiLineType="0" LineStyle="0" ShowType="0"><RC l="54172" t="10176" r="54547" b="12202"/><Item Type="UrlLink" Aim="af://n17" ID="0"/><MouseOverViewType LinkViewType="0" Color="0"/></Item><Item acp="936" Type="Link" Page="4" Color="00000000" Author="QQBkAG0AaQBuAGkAcwB0AHIAYQB0AG8AcgA=" Time="2019-04-02 22:21:22" id="2A0299C5F74248E0886ECBF9101F67BD" ReadOnly="0" MultiLineType="0" LineStyle="0" ShowType="0"><RC l="54172" t="19330" r="54547" b="21356"/><Item Type="UrlLink" Aim="af://n25" ID="0"/><MouseOverViewType LinkViewType="0" Color="0"/></Item><Item acp="936" Type="Link" Page="6" Color="00000000" Author="QQBkAG0AaQBuAGkAcwB0AHIAYQB0AG8AcgA=" Time="2019-04-02 22:21:22" id="2C80848B94264E13BF5AC2BF43D89FBF" ReadOnly="0" MultiLineType="0" LineStyle="0" ShowType="0"><RC l="54172" t="66450" r="54547" b="68476"/><Item Type="UrlLink" Aim="af://n36" ID="0"/><MouseOverViewType LinkViewType="0" Color="0"/></Item><Item acp="936" Type="Link" Page="10" Color="00000000" Author="QQBkAG0AaQBuAGkAcwB0AHIAYQB0AG8AcgA=" Time="2019-04-02 22:21:22" id="C209B1EE2843464EA77C1635D57BF276" ReadOnly="0" MultiLineType="0" LineStyle="0" ShowType="0"><RC l="54172" t="16179" r="54622" b="18505"/><Item Type="UrlLink" Aim="af://n81" ID="0"/><MouseOverViewType LinkViewType="0" Color="0"/></Item><Item acp="936" Type="Link" Page="10" Color="00000000" Author="QQBkAG0AaQBuAGkAcwB0AHIAYQB0AG8AcgA=" Time="2019-04-02 22:21:22" id="8F0B75BE347C4F0C94115ADB9A81C65A" ReadOnly="0" MultiLineType="0" LineStyle="0" ShowType="0"><RC l="54172" t="44241" r="54547" b="46267"/><Item Type="UrlLink" Aim="af://n86" ID="0"/><MouseOverViewType LinkViewType="0" Color="0"/></Item><Item acp="936" Type="Link" Page="11" Color="00000000" Author="QQBkAG0AaQBuAGkAcwB0AHIAYQB0AG8AcgA=" Time="2019-04-02 22:21:22" id="FA8ABD03439F4D7B9F7B11F3ACEADE71" ReadOnly="0" MultiLineType="0" LineStyle="0" ShowType="0"><RC l="54172" t="6575" r="54472" b="8226"/><Item Type="UrlLink" Aim="af://n91" ID="0"/><MouseOverViewType LinkViewType="0" Color="0"/></Item><Item acp="936" Type="Link" Page="11" Color="00000000" Author="QQBkAG0AaQBuAGkAcwB0AHIAYQB0AG8AcgA=" Time="2019-04-02 22:21:22" id="11C73FE77CD14D98BC14B90241F2C16B" ReadOnly="0" MultiLineType="0" LineStyle="0" ShowType="0"><RC l="54172" t="27959" r="54472" b="29610"/><Item Type="UrlLink" Aim="af://n96" ID="0"/><MouseOverViewType LinkViewType="0" Color="0"/></Item><Item acp="936" Type="Link" Page="13" Color="00000000" Author="QQBkAG0AaQBuAGkAcwB0AHIAYQB0AG8AcgA=" Time="2019-04-02 22:21:22" id="BFA136F3E9BE43DF8F5F89C777F297E0" ReadOnly="0" MultiLineType="0" LineStyle="0" ShowType="0"><RC l="54172" t="5600" r="54472" b="7250"/><Item Type="UrlLink" Aim="af://n116" ID="0"/><MouseOverViewType LinkViewType="0" Color="0"/></Item><Item acp="936" Type="Link" Page="13" Color="00000000" Author="QQBkAG0AaQBuAGkAcwB0AHIAYQB0AG8AcgA=" Time="2019-04-02 22:21:22" id="50DED5BC372A46D18B2FFB1A62DE6CAB" ReadOnly="0" MultiLineType="0" LineStyle="0" ShowType="0"><RC l="54172" t="61498" r="54472" b="63149"/><Item Type="UrlLink" Aim="af://n126" ID="0"/><MouseOverViewType LinkViewType="0" Color="0"/></Item><Item acp="936" Type="Link" Page="14" Color="00000000" Author="QQBkAG0AaQBuAGkAcwB0AHIAYQB0AG8AcgA=" Time="2019-04-02 22:21:22" id="35BC891A469E4B75BF50F7C952B34AC5" ReadOnly="0" MultiLineType="0" LineStyle="0" ShowType="0"><RC l="54172" t="26683" r="54547" b="28709"/><Item Type="UrlLink" Aim="af://n151" ID="0"/><MouseOverViewType LinkViewType="0" Color="0"/></Item><Item acp="936" Type="Link" Page="14" Color="00000000" Author="QQBkAG0AaQBuAGkAcwB0AHIAYQB0AG8AcgA=" Time="2019-04-02 22:21:22" id="E1CCC41E478648DC889226E336000519" ReadOnly="0" MultiLineType="0" LineStyle="0" ShowType="0"><RC l="54172" t="50994" r="54472" b="52644"/><Item Type="UrlLink" Aim="af://n156" ID="0"/><MouseOverViewType LinkViewType="0" Color="0"/></Item><Item acp="936" Type="Link" Page="16" Color="00000000" Author="QQBkAG0AaQBuAGkAcwB0AHIAYQB0AG8AcgA=" Time="2019-04-02 22:21:22" id="F54847B0C1D7460C9075665D2AD49AA6" ReadOnly="0" MultiLineType="0" LineStyle="0" ShowType="0"><RC l="54172" t="46567" r="54472" b="48217"/><Item Type="UrlLink" Aim="af://n182" ID="0"/><MouseOverViewType LinkViewType="0" Color="0"/></Item><Item acp="936" Type="Link" Page="17" Color="00000000" Author="QQBkAG0AaQBuAGkAcwB0AHIAYQB0AG8AcgA=" Time="2019-04-02 22:21:22" id="47D909710B6F4EFA94E030FB04D33313" ReadOnly="0" MultiLineType="0" LineStyle="0" ShowType="0"><RC l="16131" t="41014" r="48545" b="42365"/><Item Type="UrlLink" Aim="https://www.csie.ntu.edu.tw/~cjlin/papers/svmprob/svmprob.pdf" ID="0"/><MouseOverViewType LinkViewType="0" Color="0"/></Item><Item acp="936" Type="Link" Page="18" Color="00000000" Author="QQBkAG0AaQBuAGkAcwB0AHIAYQB0AG8AcgA=" Time="2019-04-02 22:21:22" id="E927557FB5C347489643641EF0CA43F8" ReadOnly="0" MultiLineType="0" LineStyle="0" ShowType="0"><RC l="54172" t="24507" r="54472" b="26158"/><Item Type="UrlLink" Aim="af://n195" ID="0"/><MouseOverViewType LinkViewType="0" Color="0"/></Item><Item acp="936" Type="Link" Page="19" Color="00000000" Author="QQBkAG0AaQBuAGkAcwB0AHIAYQB0AG8AcgA=" Time="2019-04-02 22:21:22" id="13DC1B6475874391BDD0CA846BD812E3" ReadOnly="0" MultiLineType="0" LineStyle="0" ShowType="0"><RC l="54172" t="49868" r="54472" b="51519"/><Item Type="UrlLink" Aim="af://n202" ID="0"/><MouseOverViewType LinkViewType="0" Color="0"/></Item><Item acp="936" Type="Link" Page="20" Color="00000000" Author="QQBkAG0AaQBuAGkAcwB0AHIAYQB0AG8AcgA=" Time="2019-04-02 22:21:22" id="5C17D5C8779E414C9B7FB9A1672B3773" ReadOnly="0" MultiLineType="0" LineStyle="0" ShowType="0"><RC l="54172" t="64649" r="54472" b="66300"/><Item Type="UrlLink" Aim="af://n220" ID="0"/><MouseOverViewType LinkViewType="0" Color="0"/></Item><Item acp="936" Type="Link" Page="22" Color="00000000" Author="QQBkAG0AaQBuAGkAcwB0AHIAYQB0AG8AcgA=" Time="2019-04-02 22:21:22" id="09397EDC6F2D4FBBA68FCD7F24B3288C" ReadOnly="0" MultiLineType="0" LineStyle="0" ShowType="0"><RC l="54172" t="6425" r="54622" b="8751"/><Item Type="UrlLink" Aim="af://n227" ID="0"/><MouseOverViewType LinkViewType="0" Color="0"/></Item><Item acp="936" Type="Link" Page="22" Color="00000000" Author="QQBkAG0AaQBuAGkAcwB0AHIAYQB0AG8AcgA=" Time="2019-04-02 22:21:22" id="19E1D8EE064148A2AE36592A50A02AE8" ReadOnly="0" MultiLineType="0" LineStyle="0" ShowType="0"><RC l="54172" t="10176" r="54547" b="12202"/><Item Type="UrlLink" Aim="af://n228" ID="0"/><MouseOverViewType LinkViewType="0" Color="0"/></Item><Item acp="936" Type="Link" Page="24" Color="00000000" Author="QQBkAG0AaQBuAGkAcwB0AHIAYQB0AG8AcgA=" Time="2019-04-02 22:21:22" id="88CF6A4E9B574D6E9D7C4EEE3F34EA1C" ReadOnly="0" MultiLineType="0" LineStyle="0" ShowType="0"><RC l="54172" t="5600" r="54547" b="7625"/><Item Type="UrlLink" Aim="af://n259" ID="0"/><MouseOverViewType LinkViewType="0" Color="0"/></Item><Item acp="936" Type="Link" Page="24" Color="00000000" Author="QQBkAG0AaQBuAGkAcwB0AHIAYQB0AG8AcgA=" Time="2019-04-02 22:21:22" id="8C322843690244558899AE03AE95B7A9" ReadOnly="0" MultiLineType="0" LineStyle="0" ShowType="0"><RC l="54172" t="21131" r="54547" b="23157"/><Item Type="UrlLink" Aim="af://n262" ID="0"/><MouseOverViewType LinkViewType="0" Color="0"/></Item><Item acp="936" Type="Link" Page="24" Color="00000000" Author="QQBkAG0AaQBuAGkAcwB0AHIAYQB0AG8AcgA=" Time="2019-04-02 22:21:22" id="EBD34CBEFF6D4553BF777A5844A9B981" ReadOnly="0" MultiLineType="0" LineStyle="0" ShowType="0"><RC l="54172" t="31860" r="54547" b="33886"/><Item Type="UrlLink" Aim="af://n265" ID="0"/><MouseOverViewType LinkViewType="0" Color="0"/></Item><Item acp="936" Type="Link" Page="25" Color="00000000" Author="QQBkAG0AaQBuAGkAcwB0AHIAYQB0AG8AcgA=" Time="2019-04-02 22:21:22" id="082BB1E167154FC6B799C37C1093095A" ReadOnly="0" MultiLineType="0" LineStyle="0" ShowType="0"><RC l="54172" t="6575" r="54547" b="8601"/><Item Type="UrlLink" Aim="af://n269" ID="0"/><MouseOverViewType LinkViewType="0" Color="0"/></Item><Item acp="936" Type="Link" Page="26" Color="00000000" Author="QQBkAG0AaQBuAGkAcwB0AHIAYQB0AG8AcgA=" Time="2019-04-02 22:21:22" id="8B5CA81AFADA4E53BA8168F73E9E3B7F" ReadOnly="0" MultiLineType="0" LineStyle="0" ShowType="0"><RC l="54172" t="6425" r="54622" b="8751"/><Item Type="UrlLink" Aim="af://n289" ID="0"/><MouseOverViewType LinkViewType="0" Color="0"/></Item><Item acp="936" Type="Link" Page="26" Color="00000000" Author="QQBkAG0AaQBuAGkAcwB0AHIAYQB0AG8AcgA=" Time="2019-04-02 22:21:22" id="A218A150B58C46528456E0F4E0DDCC3B" ReadOnly="0" MultiLineType="0" LineStyle="0" ShowType="0"><RC l="16056" t="38839" r="44868" b="40189"/><Item Type="UrlLink" Aim="https://www.kaggle.com/jsphyg/weather-dataset-rattle-package" ID="0"/><MouseOverViewType LinkViewType="0" Color="0"/></Item><Item acp="936" Type="Link" Page="26" Color="00000000" Author="QQBkAG0AaQBuAGkAcwB0AHIAYQB0AG8AcgA=" Time="2019-04-02 22:21:22" id="5CA2A3794C0C4E5AB4C0BC0B3B14FAE7" ReadOnly="0" MultiLineType="0" LineStyle="0" ShowType="0"><RC l="54172" t="52419" r="54547" b="54445"/><Item Type="UrlLink" Aim="af://n302" ID="0"/><MouseOverViewType LinkViewType="0" Color="0"/></Item><Item acp="936" Type="Link" Page="28" Color="00000000" Author="QQBkAG0AaQBuAGkAcwB0AHIAYQB0AG8AcgA=" Time="2019-04-02 22:21:22" id="8196A64128014650BE233046BCC57E0F" ReadOnly="0" MultiLineType="0" LineStyle="0" ShowType="0"><RC l="54172" t="21731" r="54547" b="23757"/><Item Type="UrlLink" Aim="af://n381" ID="0"/><MouseOverViewType LinkViewType="0" Color="0"/></Item><Item acp="936" Type="Link" Page="29" Color="00000000" Author="QQBkAG0AaQBuAGkAcwB0AHIAYQB0AG8AcgA=" Time="2019-04-02 22:21:22" id="BF7B689961CE4EDFB58A1C4EB15681D1" ReadOnly="0" MultiLineType="0" LineStyle="0" ShowType="0"><RC l="54172" t="6575" r="54547" b="8601"/><Item Type="UrlLink" Aim="af://n387" ID="0"/><MouseOverViewType LinkViewType="0" Color="0"/></Item><Item acp="936" Type="Link" Page="29" Color="00000000" Author="QQBkAG0AaQBuAGkAcwB0AHIAYQB0AG8AcgA=" Time="2019-04-02 22:21:22" id="57669E6908984046832D5B8AB2D22802" ReadOnly="0" MultiLineType="0" LineStyle="0" ShowType="0"><RC l="54172" t="9576" r="54472" b="11227"/><Item Type="UrlLink" Aim="af://n388" ID="0"/><MouseOverViewType LinkViewType="0" Color="0"/></Item><Item acp="936" Type="Link" Page="29" Color="00000000" Author="QQBkAG0AaQBuAGkAcwB0AHIAYQB0AG8AcgA=" Time="2019-04-02 22:21:22" id="CDD25AB4CEE742FB8194BEE50621D5E6" ReadOnly="0" MultiLineType="0" LineStyle="0" ShowType="0"><RC l="54172" t="70052" r="54472" b="71702"/><Item Type="UrlLink" Aim="af://n390" ID="0"/><MouseOverViewType LinkViewType="0" Color="0"/></Item><Item acp="936" Type="Link" Page="31" Color="00000000" Author="QQBkAG0AaQBuAGkAcwB0AHIAYQB0AG8AcgA=" Time="2019-04-02 22:21:22" id="1D9FBC4DBC354ABBBBC53EEE499AB30C" ReadOnly="0" MultiLineType="0" LineStyle="0" ShowType="0"><RC l="54172" t="62924" r="54472" b="64574"/><Item Type="UrlLink" Aim="af://n406" ID="0"/><MouseOverViewType LinkViewType="0" Color="0"/></Item><Item acp="936" Type="Link" Page="32" Color="00000000" Author="QQBkAG0AaQBuAGkAcwB0AHIAYQB0AG8AcgA=" Time="2019-04-02 22:21:22" id="C420BE938DB345BE84B26B6E10FB811A" ReadOnly="0" MultiLineType="0" LineStyle="0" ShowType="0"><RC l="5252" t="53770" r="24985" b="55120"/><Item Type="UrlLink" Aim="https://www.bilibili.com/video/av39338080/" ID="0"/><MouseOverViewType LinkViewType="0" Color="0"/></Item><Item acp="936" Type="Link" Page="37" Color="00000000" Author="QQBkAG0AaQBuAGkAcwB0AHIAYQB0AG8AcgA=" Time="2019-04-02 22:21:22" id="7F7A63AB098842D2A5656A831FEAC392" ReadOnly="0" MultiLineType="0" LineStyle="0" ShowType="0"><RC l="54172" t="5600" r="54472" b="7250"/><Item Type="UrlLink" Aim="af://n433" ID="0"/><MouseOverViewType LinkViewType="0" Color="0"/></Item><Item acp="936" Type="Link" Page="37" Color="00000000" Author="QQBkAG0AaQBuAGkAcwB0AHIAYQB0AG8AcgA=" Time="2019-04-02 22:21:22" id="6AD760035016470183B527503768E9A8" ReadOnly="0" MultiLineType="0" LineStyle="0" ShowType="0"><RC l="54172" t="69076" r="54472" b="70727"/><Item Type="UrlLink" Aim="af://n438" ID="0"/><MouseOverViewType LinkViewType="0" Color="0"/></Item><Item acp="936" Type="Link" Page="38" Color="00000000" Author="QQBkAG0AaQBuAGkAcwB0AHIAYQB0AG8AcgA=" Time="2019-04-02 22:21:22" id="7D90C3AA010A417C9895EBBCBD0259B0" ReadOnly="0" MultiLineType="0" LineStyle="0" ShowType="0"><RC l="54172" t="29459" r="54472" b="31110"/><Item Type="UrlLink" Aim="af://n441" ID="0"/><MouseOverViewType LinkViewType="0" Color="0"/></Item><Item acp="936" Type="Link" Page="39" Color="00000000" Author="QQBkAG0AaQBuAGkAcwB0AHIAYQB0AG8AcgA=" Time="2019-04-02 22:21:22" id="7AF1DFBAC24B4AA58F8AD3AF9CB438C8" ReadOnly="0" MultiLineType="0" LineStyle="0" ShowType="0"><RC l="54172" t="5600" r="54472" b="7250"/><Item Type="UrlLink" Aim="af://n450" ID="0"/><MouseOverViewType LinkViewType="0" Color="0"/></Item><Item acp="936" Type="Link" Page="39" Color="00000000" Author="QQBkAG0AaQBuAGkAcwB0AHIAYQB0AG8AcgA=" Time="2019-04-02 22:21:22" id="ABBAA37F13204E42A5C09F39543A9597" ReadOnly="0" MultiLineType="0" LineStyle="0" ShowType="0"><RC l="54172" t="45516" r="54547" b="47542"/><Item Type="UrlLink" Aim="af://n455" ID="0"/><MouseOverViewType LinkViewType="0" Color="0"/></Item><Item acp="936" Type="Link" Page="40" Color="00000000" Author="QQBkAG0AaQBuAGkAcwB0AHIAYQB0AG8AcgA=" Time="2019-04-02 22:21:22" id="FCB67472ACDC408A9E0B5C6701A5882B" ReadOnly="0" MultiLineType="0" LineStyle="0" ShowType="0"><RC l="54172" t="30885" r="54547" b="32911"/><Item Type="UrlLink" Aim="af://n463" ID="0"/><MouseOverViewType LinkViewType="0" Color="0"/></Item><Item acp="936" Type="Link" Page="40" Color="00000000" Author="QQBkAG0AaQBuAGkAcwB0AHIAYQB0AG8AcgA=" Time="2019-04-02 22:21:22" id="618E485A0DB04C669191BEB5FF8865E1" ReadOnly="0" MultiLineType="0" LineStyle="0" ShowType="0"><RC l="54172" t="33886" r="54472" b="35537"/><Item Type="UrlLink" Aim="af://n464" ID="0"/><MouseOverViewType LinkViewType="0" Color="0"/></Item><Item acp="936" Type="Link" Page="41" Color="00000000" Author="QQBkAG0AaQBuAGkAcwB0AHIAYQB0AG8AcgA=" Time="2019-04-02 22:21:22" id="96BE0E563D7E472CA44CE988C0866C18" ReadOnly="0" MultiLineType="0" LineStyle="0" ShowType="0"><RC l="54172" t="31861" r="54472" b="33511"/><Item Type="UrlLink" Aim="af://n471" ID="0"/><MouseOverViewType LinkViewType="0" Color="0"/></Item><Item acp="936" Type="Link" Page="43" Color="00000000" Author="QQBkAG0AaQBuAGkAcwB0AHIAYQB0AG8AcgA=" Time="2019-04-02 22:21:22" id="881876C8849D47A4960C860F0F78EE00" ReadOnly="0" MultiLineType="0" LineStyle="0" ShowType="0"><RC l="54172" t="27659" r="54472" b="29309"/><Item Type="UrlLink" Aim="af://n482" ID="0"/><MouseOverViewType LinkViewType="0" Color="0"/></Item><Item acp="936" Type="Link" Page="46" Color="00000000" Author="QQBkAG0AaQBuAGkAcwB0AHIAYQB0AG8AcgA=" Time="2019-04-02 22:21:22" id="22F9E6C533AF494580F61D0C128D5AF5" ReadOnly="0" MultiLineType="0" LineStyle="0" ShowType="0"><RC l="54172" t="60148" r="54547" b="62173"/><Item Type="UrlLink" Aim="af://n501" ID="0"/><MouseOverViewType LinkViewType="0" Color="0"/></Item></NoteItems></Note-Package><FileProperty-Package/></Package>
