<?xml version="1.0" encoding="UTF-8"?>
<Package><Note-Package><NoteItems Author="Default" Guid="388BE547-7E72-4cb9-8DB6-F1A79D4AD50A" TextEncode1="Unicode" ReadOnly="False" IsImport="False" Version="1.0" Unit="PointsM"><Item acp="936" Type="Note" Page="22" Color="000000ff" DescText="aIgtTnBwcoLokAZSaIg6eQ1OKVI=" Author="QQBkAG0AaQBuAGkAcwB0AHIAYQB0AG8AcgA=" Time="2019-04-04 17:04:37" id="389F4402F25E4AAF9CC4E0DBE16BE900" ReadOnly="0" MultiLineType="0" FaceType="3" Transparency="100"><PT x="43928" y="8063"/></Item></NoteItems><NoteItems TextEncode1="Unicode" Version="1.0" Unit="PointsM" Embedded="True"><Item acp="936" Type="Link" Page="1" Color="00000000" Author="QQBkAG0AaQBuAGkAcwB0AHIAYQB0AG8AcgA=" Time="2019-04-04 13:25:31" id="6BB51B97067744D098D79E3D07EA755B" ReadOnly="0" MultiLineType="0" LineStyle="0" ShowType="0"><RC l="54172" t="8751" r="54773" b="11752"/><Item Type="UrlLink" Aim="af://n0" ID="0"/><MouseOverViewType LinkViewType="0" Color="0"/></Item><Item acp="936" Type="Link" Page="1" Color="00000000" Author="QQBkAG0AaQBuAGkAcwB0AHIAYQB0AG8AcgA=" Time="2019-04-04 13:25:31" id="802D75AE34034B5BA6748F0AC9C1FE8C" ReadOnly="0" MultiLineType="0" LineStyle="0" ShowType="0"><RC l="54172" t="13103" r="54773" b="16104"/><Item Type="UrlLink" Aim="af://n2" ID="0"/><MouseOverViewType LinkViewType="0" Color="0"/></Item><Item acp="936" Type="Link" Page="2" Color="00000000" Author="QQBkAG0AaQBuAGkAcwB0AHIAYQB0AG8AcgA=" Time="2019-04-04 13:25:31" id="36172DA51FFA42DEAA74B04481E83893" ReadOnly="0" MultiLineType="0" LineStyle="0" ShowType="0"><RC l="5252" t="7100" r="15531" b="8451"/><Item Type="PageLink" Aim="1" ID="0"/><MouseOverViewType LinkViewType="0" Color="0"/></Item><Item acp="936" Type="Link" Page="2" Color="00000000" Author="QQBkAG0AaQBuAGkAcwB0AHIAYQB0AG8AcgA=" Time="2019-04-04 13:25:31" id="8284C11AC9E942618CA12BD2227FC556" ReadOnly="0" MultiLineType="0" LineStyle="0" ShowType="0"><RC l="5252" t="8451" r="13805" b="9801"/><Item Type="PageLink" Aim="1" ID="0"/><MouseOverViewType LinkViewType="0" Color="0"/></Item><Item acp="936" Type="Link" Page="2" Color="00000000" Author="QQBkAG0AaQBuAGkAcwB0AHIAYQB0AG8AcgA=" Time="2019-04-04 13:25:31" id="983F9B5195184070A124BDCDEB78244F" ReadOnly="0" MultiLineType="0" LineStyle="0" ShowType="0"><RC l="6977" t="9801" r="9453" b="11152"/><Item Type="PageLink" Aim="3" ID="0"/><MouseOverViewType LinkViewType="0" Color="0"/></Item><Item acp="936" Type="Link" Page="2" Color="00000000" Author="QQBkAG0AaQBuAGkAcwB0AHIAYQB0AG8AcgA=" Time="2019-04-04 13:25:31" id="3247F37ED3594AD3B1619EDC2C5B91F7" ReadOnly="0" MultiLineType="0" LineStyle="0" ShowType="0"><RC l="8778" t="11152" r="17857" b="12502"/><Item Type="PageLink" Aim="3" ID="0"/><MouseOverViewType LinkViewType="0" Color="0"/></Item><Item acp="936" Type="Link" Page="2" Color="00000000" Author="QQBkAG0AaQBuAGkAcwB0AHIAYQB0AG8AcgA=" Time="2019-04-04 13:25:31" id="1C68FF395A4A4E86881FF3EF6E9341B7" ReadOnly="0" MultiLineType="0" LineStyle="0" ShowType="0"><RC l="8778" t="12502" r="18082" b="13853"/><Item Type="PageLink" Aim="5" ID="0"/><MouseOverViewType LinkViewType="0" Color="0"/></Item><Item acp="936" Type="Link" Page="2" Color="00000000" Author="QQBkAG0AaQBuAGkAcwB0AHIAYQB0AG8AcgA=" Time="2019-04-04 13:25:31" id="7868B9B0CEAA4311BCF8891082282F4A" ReadOnly="0" MultiLineType="0" LineStyle="0" ShowType="0"><RC l="8778" t="13853" r="18457" b="15204"/><Item Type="PageLink" Aim="6" ID="0"/><MouseOverViewType LinkViewType="0" Color="0"/></Item><Item acp="936" Type="Link" Page="2" Color="00000000" Author="QQBkAG0AaQBuAGkAcwB0AHIAYQB0AG8AcgA=" Time="2019-04-04 13:25:31" id="7406FBC3E9824A38AD6EA07934FABB93" ReadOnly="0" MultiLineType="0" LineStyle="0" ShowType="0"><RC l="6977" t="15204" r="20783" b="16554"/><Item Type="PageLink" Aim="7" ID="0"/><MouseOverViewType LinkViewType="0" Color="0"/></Item><Item acp="936" Type="Link" Page="2" Color="00000000" Author="QQBkAG0AaQBuAGkAcwB0AHIAYQB0AG8AcgA=" Time="2019-04-04 13:25:31" id="7B9D7DE0DF4041998F2C63365B9B63E3" ReadOnly="0" MultiLineType="0" LineStyle="0" ShowType="0"><RC l="8778" t="16554" r="19883" b="17905"/><Item Type="PageLink" Aim="7" ID="0"/><MouseOverViewType LinkViewType="0" Color="0"/></Item><Item acp="936" Type="Link" Page="2" Color="00000000" Author="QQBkAG0AaQBuAGkAcwB0AHIAYQB0AG8AcgA=" Time="2019-04-04 13:25:31" id="BB47B8FB868F4BD9B6AB216053F2B57C" ReadOnly="0" MultiLineType="0" LineStyle="0" ShowType="0"><RC l="10504" t="17905" r="21459" b="19255"/><Item Type="PageLink" Aim="7" ID="0"/><MouseOverViewType LinkViewType="0" Color="0"/></Item><Item acp="936" Type="Link" Page="2" Color="00000000" Author="QQBkAG0AaQBuAGkAcwB0AHIAYQB0AG8AcgA=" Time="2019-04-04 13:25:31" id="88046D7A70E943B388631CC29DE84488" ReadOnly="0" MultiLineType="0" LineStyle="0" ShowType="0"><RC l="10504" t="19255" r="36165" b="20606"/><Item Type="PageLink" Aim="8" ID="0"/><MouseOverViewType LinkViewType="0" Color="0"/></Item><Item acp="936" Type="Link" Page="2" Color="00000000" Author="QQBkAG0AaQBuAGkAcwB0AHIAYQB0AG8AcgA=" Time="2019-04-04 13:25:31" id="84F98D45BAD445CBB8EC325D54358D91" ReadOnly="0" MultiLineType="0" LineStyle="0" ShowType="0"><RC l="8778" t="20606" r="18382" b="21956"/><Item Type="PageLink" Aim="10" ID="0"/><MouseOverViewType LinkViewType="0" Color="0"/></Item><Item acp="936" Type="Link" Page="2" Color="00000000" Author="QQBkAG0AaQBuAGkAcwB0AHIAYQB0AG8AcgA=" Time="2019-04-04 13:25:31" id="561C311DAE284E43A9B1E9E529743DFA" ReadOnly="0" MultiLineType="0" LineStyle="0" ShowType="0"><RC l="10504" t="21956" r="15306" b="23307"/><Item Type="PageLink" Aim="10" ID="0"/><MouseOverViewType LinkViewType="0" Color="0"/></Item><Item acp="936" Type="Link" Page="2" Color="00000000" Author="QQBkAG0AaQBuAGkAcwB0AHIAYQB0AG8AcgA=" Time="2019-04-04 13:25:31" id="C81DE667B7DF428393CC7BDD866BB559" ReadOnly="0" MultiLineType="0" LineStyle="0" ShowType="0"><RC l="10504" t="23307" r="21459" b="24658"/><Item Type="PageLink" Aim="12" ID="0"/><MouseOverViewType LinkViewType="0" Color="0"/></Item><Item acp="936" Type="Link" Page="2" Color="00000000" Author="QQBkAG0AaQBuAGkAcwB0AHIAYQB0AG8AcgA=" Time="2019-04-04 13:25:31" id="2082187D1F1A4CF1BE1594C92AA99CED" ReadOnly="0" MultiLineType="0" LineStyle="0" ShowType="0"><RC l="8778" t="24658" r="21684" b="26008"/><Item Type="PageLink" Aim="17" ID="0"/><MouseOverViewType LinkViewType="0" Color="0"/></Item><Item acp="936" Type="Link" Page="2" Color="00000000" Author="QQBkAG0AaQBuAGkAcwB0AHIAYQB0AG8AcgA=" Time="2019-04-04 13:25:31" id="DF52F285BB3746BF8DDF2209E90B9967" ReadOnly="0" MultiLineType="0" LineStyle="0" ShowType="0"><RC l="10504" t="26008" r="21459" b="27359"/><Item Type="PageLink" Aim="17" ID="0"/><MouseOverViewType LinkViewType="0" Color="0"/></Item><Item acp="936" Type="Link" Page="2" Color="00000000" Author="QQBkAG0AaQBuAGkAcwB0AHIAYQB0AG8AcgA=" Time="2019-04-04 13:25:31" id="2D01E726FDD34E589B6F858785331E9F" ReadOnly="0" MultiLineType="0" LineStyle="0" ShowType="0"><RC l="10504" t="27359" r="21459" b="28709"/><Item Type="PageLink" Aim="18" ID="0"/><MouseOverViewType LinkViewType="0" Color="0"/></Item><Item acp="936" Type="Link" Page="2" Color="00000000" Author="QQBkAG0AaQBuAGkAcwB0AHIAYQB0AG8AcgA=" Time="2019-04-04 13:25:31" id="5B27FDEF622E4E3C90743AF1B9D01A10" ReadOnly="0" MultiLineType="0" LineStyle="0" ShowType="0"><RC l="10504" t="28709" r="19733" b="30060"/><Item Type="PageLink" Aim="19" ID="0"/><MouseOverViewType LinkViewType="0" Color="0"/></Item><Item acp="936" Type="Link" Page="2" Color="00000000" Author="QQBkAG0AaQBuAGkAcwB0AHIAYQB0AG8AcgA=" Time="2019-04-04 13:25:31" id="27FA70293400444D8FE06C08DA996E73" ReadOnly="0" MultiLineType="0" LineStyle="0" ShowType="0"><RC l="8778" t="30060" r="30537" b="31410"/><Item Type="PageLink" Aim="21" ID="0"/><MouseOverViewType LinkViewType="0" Color="0"/></Item><Item acp="936" Type="Link" Page="2" Color="00000000" Author="QQBkAG0AaQBuAGkAcwB0AHIAYQB0AG8AcgA=" Time="2019-04-04 13:25:31" id="1C198F75952B4003A667677C1A67D853" ReadOnly="0" MultiLineType="0" LineStyle="0" ShowType="0"><RC l="8778" t="31410" r="22359" b="32761"/><Item Type="PageLink" Aim="22" ID="0"/><MouseOverViewType LinkViewType="0" Color="0"/></Item><Item acp="936" Type="Link" Page="2" Color="00000000" Author="QQBkAG0AaQBuAGkAcwB0AHIAYQB0AG8AcgA=" Time="2019-04-04 13:25:31" id="6803372AFF7E4229B75641B185B44148" ReadOnly="0" MultiLineType="0" LineStyle="0" ShowType="0"><RC l="6977" t="32761" r="19133" b="34111"/><Item Type="PageLink" Aim="24" ID="0"/><MouseOverViewType LinkViewType="0" Color="0"/></Item><Item acp="936" Type="Link" Page="2" Color="00000000" Author="QQBkAG0AaQBuAGkAcwB0AHIAYQB0AG8AcgA=" Time="2019-04-04 13:25:31" id="DADD3FA4F2794D78A0CBDCF38C9AEEF7" ReadOnly="0" MultiLineType="0" LineStyle="0" ShowType="0"><RC l="8778" t="34111" r="16356" b="35462"/><Item Type="PageLink" Aim="24" ID="0"/><MouseOverViewType LinkViewType="0" Color="0"/></Item><Item acp="936" Type="Link" Page="2" Color="00000000" Author="QQBkAG0AaQBuAGkAcwB0AHIAYQB0AG8AcgA=" Time="2019-04-04 13:25:31" id="DD4EAF4D1EE8485481A119C48FCB5FB1" ReadOnly="0" MultiLineType="0" LineStyle="0" ShowType="0"><RC l="8778" t="35462" r="18982" b="36813"/><Item Type="PageLink" Aim="25" ID="0"/><MouseOverViewType LinkViewType="0" Color="0"/></Item><Item acp="936" Type="Link" Page="2" Color="00000000" Author="QQBkAG0AaQBuAGkAcwB0AHIAYQB0AG8AcgA=" Time="2019-04-04 13:25:31" id="FE2E66DAE39740AABF2F20BF3155DA58" ReadOnly="0" MultiLineType="0" LineStyle="0" ShowType="0"><RC l="10504" t="36813" r="17107" b="38163"/><Item Type="PageLink" Aim="25" ID="0"/><MouseOverViewType LinkViewType="0" Color="0"/></Item><Item acp="936" Type="Link" Page="2" Color="00000000" Author="QQBkAG0AaQBuAGkAcwB0AHIAYQB0AG8AcgA=" Time="2019-04-04 13:25:31" id="DDD52EC996914AA3A9A3C2DB0EC7007E" ReadOnly="0" MultiLineType="0" LineStyle="0" ShowType="0"><RC l="10504" t="38163" r="17107" b="39514"/><Item Type="PageLink" Aim="26" ID="0"/><MouseOverViewType LinkViewType="0" Color="0"/></Item><Item acp="936" Type="Link" Page="2" Color="00000000" Author="QQBkAG0AaQBuAGkAcwB0AHIAYQB0AG8AcgA=" Time="2019-04-04 13:25:31" id="4ED621834F4C44FFA3D7369C18A87D62" ReadOnly="0" MultiLineType="0" LineStyle="0" ShowType="0"><RC l="10504" t="39514" r="21459" b="40864"/><Item Type="PageLink" Aim="27" ID="0"/><MouseOverViewType LinkViewType="0" Color="0"/></Item><Item acp="936" Type="Link" Page="2" Color="00000000" Author="QQBkAG0AaQBuAGkAcwB0AHIAYQB0AG8AcgA=" Time="2019-04-04 13:25:31" id="E078C4E891514DDB9BA8002F8A814DC0" ReadOnly="0" MultiLineType="0" LineStyle="0" ShowType="0"><RC l="10504" t="40864" r="29412" b="42215"/><Item Type="PageLink" Aim="28" ID="0"/><MouseOverViewType LinkViewType="0" Color="0"/></Item><Item acp="936" Type="Link" Page="2" Color="00000000" Author="QQBkAG0AaQBuAGkAcwB0AHIAYQB0AG8AcgA=" Time="2019-04-04 13:25:31" id="2F0AD8B6B6674A7B8A5011EDE34B0E4D" ReadOnly="0" MultiLineType="0" LineStyle="0" ShowType="0"><RC l="10504" t="42215" r="18832" b="43565"/><Item Type="PageLink" Aim="29" ID="0"/><MouseOverViewType LinkViewType="0" Color="0"/></Item><Item acp="936" Type="Link" Page="2" Color="00000000" Author="QQBkAG0AaQBuAGkAcwB0AHIAYQB0AG8AcgA=" Time="2019-04-04 13:25:31" id="19A33839A9264C0A8F35D5E1FCEB7E18" ReadOnly="0" MultiLineType="0" LineStyle="0" ShowType="0"><RC l="10504" t="43565" r="19733" b="44916"/><Item Type="PageLink" Aim="30" ID="0"/><MouseOverViewType LinkViewType="0" Color="0"/></Item><Item acp="936" Type="Link" Page="2" Color="00000000" Author="QQBkAG0AaQBuAGkAcwB0AHIAYQB0AG8AcgA=" Time="2019-04-04 13:25:31" id="F4E6D3687B984DF688D01C04F3BC264E" ReadOnly="0" MultiLineType="0" LineStyle="0" ShowType="0"><RC l="8778" t="44916" r="12005" b="46267"/><Item Type="PageLink" Aim="30" ID="0"/><MouseOverViewType LinkViewType="0" Color="0"/></Item><Item acp="936" Type="Link" Page="2" Color="00000000" Author="QQBkAG0AaQBuAGkAcwB0AHIAYQB0AG8AcgA=" Time="2019-04-04 13:25:31" id="0B44C923C3C942C6A165B973C2DEC43C" ReadOnly="0" MultiLineType="0" LineStyle="0" ShowType="0"><RC l="10504" t="46267" r="16206" b="47617"/><Item Type="PageLink" Aim="31" ID="0"/><MouseOverViewType LinkViewType="0" Color="0"/></Item><Item acp="936" Type="Link" Page="2" Color="00000000" Author="QQBkAG0AaQBuAGkAcwB0AHIAYQB0AG8AcgA=" Time="2019-04-04 13:25:31" id="03A763FEF66749B7965A55BB58D15115" ReadOnly="0" MultiLineType="0" LineStyle="0" ShowType="0"><RC l="10504" t="47617" r="25135" b="48968"/><Item Type="PageLink" Aim="32" ID="0"/><MouseOverViewType LinkViewType="0" Color="0"/></Item><Item acp="936" Type="Link" Page="2" Color="00000000" Author="QQBkAG0AaQBuAGkAcwB0AHIAYQB0AG8AcgA=" Time="2019-04-04 13:25:31" id="1B900524AD814B0F8CBE1B5CD5676E19" ReadOnly="0" MultiLineType="0" LineStyle="0" ShowType="0"><RC l="10504" t="48968" r="19808" b="50318"/><Item Type="PageLink" Aim="33" ID="0"/><MouseOverViewType LinkViewType="0" Color="0"/></Item><Item acp="936" Type="Link" Page="2" Color="00000000" Author="QQBkAG0AaQBuAGkAcwB0AHIAYQB0AG8AcgA=" Time="2019-04-04 13:25:31" id="34A0D0D2386F4F1C96E7852EC3DF3186" ReadOnly="0" MultiLineType="0" LineStyle="0" ShowType="0"><RC l="10504" t="50318" r="25735" b="51669"/><Item Type="PageLink" Aim="34" ID="0"/><MouseOverViewType LinkViewType="0" Color="0"/></Item><Item acp="936" Type="Link" Page="2" Color="00000000" Author="QQBkAG0AaQBuAGkAcwB0AHIAYQB0AG8AcgA=" Time="2019-04-04 13:25:31" id="71E37FAA2D7647C9A35895B5CF4234A3" ReadOnly="0" MultiLineType="0" LineStyle="0" ShowType="0"><RC l="10504" t="51669" r="27611" b="53019"/><Item Type="PageLink" Aim="34" ID="0"/><MouseOverViewType LinkViewType="0" Color="0"/></Item><Item acp="936" Type="Link" Page="2" Color="00000000" Author="QQBkAG0AaQBuAGkAcwB0AHIAYQB0AG8AcgA=" Time="2019-04-04 13:25:31" id="B593202B90764CA08A8C75A14472E1EF" ReadOnly="0" MultiLineType="0" LineStyle="0" ShowType="0"><RC l="10504" t="53019" r="27611" b="54370"/><Item Type="PageLink" Aim="35" ID="0"/><MouseOverViewType LinkViewType="0" Color="0"/></Item><Item acp="936" Type="Link" Page="2" Color="00000000" Author="QQBkAG0AaQBuAGkAcwB0AHIAYQB0AG8AcgA=" Time="2019-04-04 13:25:31" id="2D184205924E4BFD948F67B99926B55E" ReadOnly="0" MultiLineType="0" LineStyle="0" ShowType="0"><RC l="10504" t="54370" r="22359" b="55721"/><Item Type="PageLink" Aim="37" ID="0"/><MouseOverViewType LinkViewType="0" Color="0"/></Item><Item acp="936" Type="Link" Page="2" Color="00000000" Author="QQBkAG0AaQBuAGkAcwB0AHIAYQB0AG8AcgA=" Time="2019-04-04 13:25:31" id="971F92DE66364CD7891263E0F79C7D71" ReadOnly="0" MultiLineType="0" LineStyle="0" ShowType="0"><RC l="8778" t="55721" r="22734" b="57071"/><Item Type="PageLink" Aim="38" ID="0"/><MouseOverViewType LinkViewType="0" Color="0"/></Item><Item acp="936" Type="Link" Page="2" Color="00000000" Author="QQBkAG0AaQBuAGkAcwB0AHIAYQB0AG8AcgA=" Time="2019-04-04 13:25:31" id="DECF0751AB0841829892A4D2744256F8" ReadOnly="0" MultiLineType="0" LineStyle="0" ShowType="0"><RC l="8778" t="57071" r="16356" b="58422"/><Item Type="PageLink" Aim="39" ID="0"/><MouseOverViewType LinkViewType="0" Color="0"/></Item><Item acp="936" Type="Link" Page="2" Color="00000000" Author="QQBkAG0AaQBuAGkAcwB0AHIAYQB0AG8AcgA=" Time="2019-04-04 13:25:31" id="C90940B881A0455FA2C7B69B7EA14E28" ReadOnly="0" MultiLineType="0" LineStyle="0" ShowType="0"><RC l="8778" t="58422" r="14631" b="59772"/><Item Type="PageLink" Aim="40" ID="0"/><MouseOverViewType LinkViewType="0" Color="0"/></Item><Item acp="936" Type="Link" Page="2" Color="00000000" Author="QQBkAG0AaQBuAGkAcwB0AHIAYQB0AG8AcgA=" Time="2019-04-04 13:25:31" id="E397FB76187644FDB913CE71160DBFC8" ReadOnly="0" MultiLineType="0" LineStyle="0" ShowType="0"><RC l="6977" t="59772" r="10354" b="61123"/><Item Type="PageLink" Aim="42" ID="0"/><MouseOverViewType LinkViewType="0" Color="0"/></Item><Item acp="936" Type="Link" Page="2" Color="00000000" Author="QQBkAG0AaQBuAGkAcwB0AHIAYQB0AG8AcgA=" Time="2019-04-04 13:25:31" id="F0AF3C1B43C54F55A33F65D3D702CC81" ReadOnly="0" MultiLineType="0" LineStyle="0" ShowType="0"><RC l="8778" t="61123" r="18082" b="62473"/><Item Type="PageLink" Aim="42" ID="0"/><MouseOverViewType LinkViewType="0" Color="0"/></Item><Item acp="936" Type="Link" Page="2" Color="00000000" Author="QQBkAG0AaQBuAGkAcwB0AHIAYQB0AG8AcgA=" Time="2019-04-04 13:25:31" id="6CBA1FD5BCDD47C5BFAAF1A4D647F503" ReadOnly="0" MultiLineType="0" LineStyle="0" ShowType="0"><RC l="8778" t="62473" r="18082" b="63824"/><Item Type="PageLink" Aim="44" ID="0"/><MouseOverViewType LinkViewType="0" Color="0"/></Item><Item acp="936" Type="Link" Page="2" Color="00000000" Author="QQBkAG0AaQBuAGkAcwB0AHIAYQB0AG8AcgA=" Time="2019-04-04 13:25:31" id="AB72AAF7877B44E885DC09C735E2F155" ReadOnly="0" MultiLineType="0" LineStyle="0" ShowType="0"><RC l="8778" t="63824" r="18082" b="65175"/><Item Type="PageLink" Aim="44" ID="0"/><MouseOverViewType LinkViewType="0" Color="0"/></Item><Item acp="936" Type="Link" Page="3" Color="00000000" Author="QQBkAG0AaQBuAGkAcwB0AHIAYQB0AG8AcgA=" Time="2019-04-04 13:25:31" id="66E13DF96B0447AC9C26DFD303CE7B7D" ReadOnly="0" MultiLineType="0" LineStyle="0" ShowType="0"><RC l="54172" t="6425" r="54622" b="8751"/><Item Type="UrlLink" Aim="af://n15" ID="0"/><MouseOverViewType LinkViewType="0" Color="0"/></Item><Item acp="936" Type="Link" Page="3" Color="00000000" Author="QQBkAG0AaQBuAGkAcwB0AHIAYQB0AG8AcgA=" Time="2019-04-04 13:25:31" id="E62F63EDD6F84411B25A9D6068F5969C" ReadOnly="0" MultiLineType="0" LineStyle="0" ShowType="0"><RC l="54172" t="10176" r="54547" b="12202"/><Item Type="UrlLink" Aim="af://n16" ID="0"/><MouseOverViewType LinkViewType="0" Color="0"/></Item><Item acp="936" Type="Link" Page="5" Color="00000000" Author="QQBkAG0AaQBuAGkAcwB0AHIAYQB0AG8AcgA=" Time="2019-04-04 13:25:31" id="C10BAC5B782D43BD865A7015E7E275AE" ReadOnly="0" MultiLineType="0" LineStyle="0" ShowType="0"><RC l="54172" t="6575" r="54547" b="8601"/><Item Type="UrlLink" Aim="af://n42" ID="0"/><MouseOverViewType LinkViewType="0" Color="0"/></Item><Item acp="936" Type="Link" Page="6" Color="00000000" Author="QQBkAG0AaQBuAGkAcwB0AHIAYQB0AG8AcgA=" Time="2019-04-04 13:25:31" id="1BF96142EC794A07BD656108921AF1FE" ReadOnly="0" MultiLineType="0" LineStyle="0" ShowType="0"><RC l="54172" t="6575" r="54547" b="8601"/><Item Type="UrlLink" Aim="af://n57" ID="0"/><MouseOverViewType LinkViewType="0" Color="0"/></Item><Item acp="936" Type="Link" Page="7" Color="00000000" Author="QQBkAG0AaQBuAGkAcwB0AHIAYQB0AG8AcgA=" Time="2019-04-04 13:25:31" id="5857B0C91E284BE0A3D621418E86184B" ReadOnly="0" MultiLineType="0" LineStyle="0" ShowType="0"><RC l="54172" t="6425" r="54622" b="8751"/><Item Type="UrlLink" Aim="af://n105" ID="0"/><MouseOverViewType LinkViewType="0" Color="0"/></Item><Item acp="936" Type="Link" Page="7" Color="00000000" Author="QQBkAG0AaQBuAGkAcwB0AHIAYQB0AG8AcgA=" Time="2019-04-04 13:25:31" id="ED02D981461346EBA2158342A31C0988" ReadOnly="0" MultiLineType="0" LineStyle="0" ShowType="0"><RC l="54172" t="17980" r="54547" b="20006"/><Item Type="UrlLink" Aim="af://n108" ID="0"/><MouseOverViewType LinkViewType="0" Color="0"/></Item><Item acp="936" Type="Link" Page="7" Color="00000000" Author="QQBkAG0AaQBuAGkAcwB0AHIAYQB0AG8AcgA=" Time="2019-04-04 13:25:31" id="1138CB0A902D41C2AC4613C79B247C89" ReadOnly="0" MultiLineType="0" LineStyle="0" ShowType="0"><RC l="54172" t="20981" r="54472" b="22632"/><Item Type="UrlLink" Aim="af://n109" ID="0"/><MouseOverViewType LinkViewType="0" Color="0"/></Item><Item acp="936" Type="Link" Page="8" Color="00000000" Author="QQBkAG0AaQBuAGkAcwB0AHIAYQB0AG8AcgA=" Time="2019-04-04 13:25:31" id="080B85D8790B4EB4A704B95C497737E7" ReadOnly="0" MultiLineType="0" LineStyle="0" ShowType="0"><RC l="54172" t="6575" r="54472" b="8226"/><Item Type="UrlLink" Aim="af://n122" ID="0"/><MouseOverViewType LinkViewType="0" Color="0"/></Item><Item acp="936" Type="Link" Page="10" Color="00000000" Author="QQBkAG0AaQBuAGkAcwB0AHIAYQB0AG8AcgA=" Time="2019-04-04 13:25:31" id="1AE5365FFDFF403CAC24042CBC09244B" ReadOnly="0" MultiLineType="0" LineStyle="0" ShowType="0"><RC l="54172" t="6575" r="54547" b="8601"/><Item Type="UrlLink" Aim="af://n149" ID="0"/><MouseOverViewType LinkViewType="0" Color="0"/></Item><Item acp="936" Type="Link" Page="10" Color="00000000" Author="QQBkAG0AaQBuAGkAcwB0AHIAYQB0AG8AcgA=" Time="2019-04-04 13:25:31" id="D184BD3EC7CB4AE78151D64990C6CB04" ReadOnly="0" MultiLineType="0" LineStyle="0" ShowType="0"><RC l="54172" t="9576" r="54472" b="11227"/><Item Type="UrlLink" Aim="af://n150" ID="0"/><MouseOverViewType LinkViewType="0" Color="0"/></Item><Item acp="936" Type="Link" Page="12" Color="00000000" Author="QQBkAG0AaQBuAGkAcwB0AHIAYQB0AG8AcgA=" Time="2019-04-04 13:25:31" id="C63B76A0516848D0A0663D8B73562694" ReadOnly="0" MultiLineType="0" LineStyle="0" ShowType="0"><RC l="54172" t="35387" r="54472" b="37038"/><Item Type="UrlLink" Aim="af://n178" ID="0"/><MouseOverViewType LinkViewType="0" Color="0"/></Item><Item acp="936" Type="Link" Page="17" Color="00000000" Author="QQBkAG0AaQBuAGkAcwB0AHIAYQB0AG8AcgA=" Time="2019-04-04 13:25:31" id="1094C265D4584F74B59DE92737E27C89" ReadOnly="0" MultiLineType="0" LineStyle="0" ShowType="0"><RC l="54172" t="6575" r="54547" b="8601"/><Item Type="UrlLink" Aim="af://n221" ID="0"/><MouseOverViewType LinkViewType="0" Color="0"/></Item><Item acp="936" Type="Link" Page="17" Color="00000000" Author="QQBkAG0AaQBuAGkAcwB0AHIAYQB0AG8AcgA=" Time="2019-04-04 13:25:31" id="50743998DF5246A5970F4287DE4EAC49" ReadOnly="0" MultiLineType="0" LineStyle="0" ShowType="0"><RC l="54172" t="16554" r="54472" b="18205"/><Item Type="UrlLink" Aim="af://n223" ID="0"/><MouseOverViewType LinkViewType="0" Color="0"/></Item><Item acp="936" Type="Link" Page="18" Color="00000000" Author="QQBkAG0AaQBuAGkAcwB0AHIAYQB0AG8AcgA=" Time="2019-04-04 13:25:31" id="34B3BD31823D40C9B6EE752F5D51980D" ReadOnly="0" MultiLineType="0" LineStyle="0" ShowType="0"><RC l="54172" t="11902" r="54472" b="13553"/><Item Type="UrlLink" Aim="af://n234" ID="0"/><MouseOverViewType LinkViewType="0" Color="0"/></Item><Item acp="936" Type="Link" Page="19" Color="00000000" Author="QQBkAG0AaQBuAGkAcwB0AHIAYQB0AG8AcgA=" Time="2019-04-04 13:25:31" id="05DB6587F1E44363BED904F48F896981" ReadOnly="0" MultiLineType="0" LineStyle="0" ShowType="0"><RC l="54172" t="24583" r="54472" b="26233"/><Item Type="UrlLink" Aim="af://n250" ID="0"/><MouseOverViewType LinkViewType="0" Color="0"/></Item><Item acp="936" Type="Link" Page="21" Color="00000000" Author="QQBkAG0AaQBuAGkAcwB0AHIAYQB0AG8AcgA=" Time="2019-04-04 13:25:31" id="E9276F3F94594F539E12F83C91B14F14" ReadOnly="0" MultiLineType="0" LineStyle="0" ShowType="0"><RC l="54172" t="49643" r="54547" b="51669"/><Item Type="UrlLink" Aim="af://n275" ID="0"/><MouseOverViewType LinkViewType="0" Color="0"/></Item><Item acp="936" Type="Link" Page="22" Color="00000000" Author="QQBkAG0AaQBuAGkAcwB0AHIAYQB0AG8AcgA=" Time="2019-04-04 13:25:31" id="F95E6BEA6F3C47788F05D53A1F80DCB0" ReadOnly="0" MultiLineType="0" LineStyle="0" ShowType="0"><RC l="54172" t="53845" r="54547" b="55871"/><Item Type="UrlLink" Aim="af://n289" ID="0"/><MouseOverViewType LinkViewType="0" Color="0"/></Item><Item acp="936" Type="Link" Page="24" Color="00000000" Author="QQBkAG0AaQBuAGkAcwB0AHIAYQB0AG8AcgA=" Time="2019-04-04 13:25:31" id="F2775A74967F463EB8E63F1BA2615EE8" ReadOnly="0" MultiLineType="0" LineStyle="0" ShowType="0"><RC l="54172" t="6425" r="54622" b="8751"/><Item Type="UrlLink" Aim="af://n296" ID="0"/><MouseOverViewType LinkViewType="0" Color="0"/></Item><Item acp="936" Type="Link" Page="24" Color="00000000" Author="QQBkAG0AaQBuAGkAcwB0AHIAYQB0AG8AcgA=" Time="2019-04-04 13:25:31" id="0895F3419BEA4CE2870EB585251EC2F5" ReadOnly="0" MultiLineType="0" LineStyle="0" ShowType="0"><RC l="54172" t="60898" r="54547" b="62924"/><Item Type="UrlLink" Aim="af://n302" ID="0"/><MouseOverViewType LinkViewType="0" Color="0"/></Item><Item acp="936" Type="Link" Page="25" Color="00000000" Author="QQBkAG0AaQBuAGkAcwB0AHIAYQB0AG8AcgA=" Time="2019-04-04 13:25:31" id="03FCCAF937CD420493B410CA894290DC" ReadOnly="0" MultiLineType="0" LineStyle="0" ShowType="0"><RC l="54172" t="20231" r="54547" b="22257"/><Item Type="UrlLink" Aim="af://n307" ID="0"/><MouseOverViewType LinkViewType="0" Color="0"/></Item><Item acp="936" Type="Link" Page="25" Color="00000000" Author="QQBkAG0AaQBuAGkAcwB0AHIAYQB0AG8AcgA=" Time="2019-04-04 13:25:31" id="C88D26E514374BC384136CC5AF914979" ReadOnly="0" MultiLineType="0" LineStyle="0" ShowType="0"><RC l="54172" t="68776" r="54472" b="70427"/><Item Type="UrlLink" Aim="af://n347" ID="0"/><MouseOverViewType LinkViewType="0" Color="0"/></Item><Item acp="936" Type="Link" Page="26" Color="00000000" Author="QQBkAG0AaQBuAGkAcwB0AHIAYQB0AG8AcgA=" Time="2019-04-04 13:25:31" id="C54CAEF324E3424AAD17547750C6FC69" ReadOnly="0" MultiLineType="0" LineStyle="0" ShowType="0"><RC l="54172" t="25708" r="54472" b="27359"/><Item Type="UrlLink" Aim="af://n350" ID="0"/><MouseOverViewType LinkViewType="0" Color="0"/></Item><Item acp="936" Type="Link" Page="27" Color="00000000" Author="QQBkAG0AaQBuAGkAcwB0AHIAYQB0AG8AcgA=" Time="2019-04-04 13:25:31" id="94251A9D1669494C9DD28F2B48C2C907" ReadOnly="0" MultiLineType="0" LineStyle="0" ShowType="0"><RC l="54172" t="69826" r="54472" b="71477"/><Item Type="UrlLink" Aim="af://n362" ID="0"/><MouseOverViewType LinkViewType="0" Color="0"/></Item><Item acp="936" Type="Link" Page="28" Color="00000000" Author="QQBkAG0AaQBuAGkAcwB0AHIAYQB0AG8AcgA=" Time="2019-04-04 13:25:31" id="1BA6967D401948C99BE87FE56FE5672C" ReadOnly="0" MultiLineType="0" LineStyle="0" ShowType="0"><RC l="54172" t="61123" r="54472" b="62774"/><Item Type="UrlLink" Aim="af://n366" ID="0"/><MouseOverViewType LinkViewType="0" Color="0"/></Item><Item acp="936" Type="Link" Page="29" Color="00000000" Author="QQBkAG0AaQBuAGkAcwB0AHIAYQB0AG8AcgA=" Time="2019-04-04 13:25:31" id="BD3B857AF09848CBBE22A83410E6958D" ReadOnly="0" MultiLineType="0" LineStyle="0" ShowType="0"><RC l="54172" t="15579" r="54472" b="17229"/><Item Type="UrlLink" Aim="af://n370" ID="0"/><MouseOverViewType LinkViewType="0" Color="0"/></Item><Item acp="936" Type="Link" Page="30" Color="00000000" Author="QQBkAG0AaQBuAGkAcwB0AHIAYQB0AG8AcgA=" Time="2019-04-04 13:25:31" id="C387A47F12204AC6878F055AF30E83BB" ReadOnly="0" MultiLineType="0" LineStyle="0" ShowType="0"><RC l="54172" t="8075" r="54472" b="9726"/><Item Type="UrlLink" Aim="af://n376" ID="0"/><MouseOverViewType LinkViewType="0" Color="0"/></Item><Item acp="936" Type="Link" Page="30" Color="00000000" Author="QQBkAG0AaQBuAGkAcwB0AHIAYQB0AG8AcgA=" Time="2019-04-04 13:25:31" id="4DE4308E7D044DD0BAA3E4513A2995AB" ReadOnly="0" MultiLineType="0" LineStyle="0" ShowType="0"><RC l="54172" t="39964" r="54547" b="41990"/><Item Type="UrlLink" Aim="af://n379" ID="0"/><MouseOverViewType LinkViewType="0" Color="0"/></Item><Item acp="936" Type="Link" Page="31" Color="00000000" Author="QQBkAG0AaQBuAGkAcwB0AHIAYQB0AG8AcgA=" Time="2019-04-04 13:25:31" id="3F88932158AD42D599BB0C8E8D46C712" ReadOnly="0" MultiLineType="0" LineStyle="0" ShowType="0"><RC l="54172" t="58272" r="54472" b="59922"/><Item Type="UrlLink" Aim="af://n422" ID="0"/><MouseOverViewType LinkViewType="0" Color="0"/></Item><Item acp="936" Type="Link" Page="32" Color="00000000" Author="QQBkAG0AaQBuAGkAcwB0AHIAYQB0AG8AcgA=" Time="2019-04-04 13:25:31" id="D4FD4BCD8EB64ECEAF8B9DF92DD5E9D1" ReadOnly="0" MultiLineType="0" LineStyle="0" ShowType="0"><RC l="54172" t="34036" r="54472" b="35687"/><Item Type="UrlLink" Aim="af://n425" ID="0"/><MouseOverViewType LinkViewType="0" Color="0"/></Item><Item acp="936" Type="Link" Page="33" Color="00000000" Author="QQBkAG0AaQBuAGkAcwB0AHIAYQB0AG8AcgA=" Time="2019-04-04 13:25:31" id="0667B6018C4C46188E9B268CFA34433D" ReadOnly="0" MultiLineType="0" LineStyle="0" ShowType="0"><RC l="54172" t="36738" r="54472" b="38388"/><Item Type="UrlLink" Aim="af://n428" ID="0"/><MouseOverViewType LinkViewType="0" Color="0"/></Item><Item acp="936" Type="Link" Page="34" Color="00000000" Author="QQBkAG0AaQBuAGkAcwB0AHIAYQB0AG8AcgA=" Time="2019-04-04 13:25:31" id="625872F8BD044D94BB971B89E7642325" ReadOnly="0" MultiLineType="0" LineStyle="0" ShowType="0"><RC l="54172" t="5600" r="54472" b="7250"/><Item Type="UrlLink" Aim="af://n432" ID="0"/><MouseOverViewType LinkViewType="0" Color="0"/></Item><Item acp="936" Type="Link" Page="34" Color="00000000" Author="QQBkAG0AaQBuAGkAcwB0AHIAYQB0AG8AcgA=" Time="2019-04-04 13:25:31" id="A3635C839BBF4077A32A2D3396294648" ReadOnly="0" MultiLineType="0" LineStyle="0" ShowType="0"><RC l="54172" t="63149" r="54472" b="64799"/><Item Type="UrlLink" Aim="af://n435" ID="0"/><MouseOverViewType LinkViewType="0" Color="0"/></Item><Item acp="936" Type="Link" Page="35" Color="00000000" Author="QQBkAG0AaQBuAGkAcwB0AHIAYQB0AG8AcgA=" Time="2019-04-04 13:25:31" id="89F9BAEDECDC42E3B6384C35023E47CC" ReadOnly="0" MultiLineType="0" LineStyle="0" ShowType="0"><RC l="54172" t="35387" r="54472" b="37038"/><Item Type="UrlLink" Aim="af://n439" ID="0"/><MouseOverViewType LinkViewType="0" Color="0"/></Item><Item acp="936" Type="Link" Page="37" Color="00000000" Author="QQBkAG0AaQBuAGkAcwB0AHIAYQB0AG8AcgA=" Time="2019-04-04 13:25:31" id="827BDD7A99AF432495538A4E76F6073A" ReadOnly="0" MultiLineType="0" LineStyle="0" ShowType="0"><RC l="54172" t="15129" r="54472" b="16779"/><Item Type="UrlLink" Aim="af://n442" ID="0"/><MouseOverViewType LinkViewType="0" Color="0"/></Item><Item acp="936" Type="Link" Page="38" Color="00000000" Author="QQBkAG0AaQBuAGkAcwB0AHIAYQB0AG8AcgA=" Time="2019-04-04 13:25:31" id="DCF5A64B99774F35B85508152EE8B0A8" ReadOnly="0" MultiLineType="0" LineStyle="0" ShowType="0"><RC l="54172" t="16479" r="54547" b="18505"/><Item Type="UrlLink" Aim="af://n449" ID="0"/><MouseOverViewType LinkViewType="0" Color="0"/></Item><Item acp="936" Type="Link" Page="39" Color="00000000" Author="QQBkAG0AaQBuAGkAcwB0AHIAYQB0AG8AcgA=" Time="2019-04-04 13:25:31" id="5B50360731AB467EA51441E450053D7D" ReadOnly="0" MultiLineType="0" LineStyle="0" ShowType="0"><RC l="54172" t="33286" r="54547" b="35312"/><Item Type="UrlLink" Aim="af://n457" ID="0"/><MouseOverViewType LinkViewType="0" Color="0"/></Item><Item acp="936" Type="Link" Page="40" Color="00000000" Author="QQBkAG0AaQBuAGkAcwB0AHIAYQB0AG8AcgA=" Time="2019-04-04 13:25:31" id="2929E3FF4D804B2A976490242DBA4958" ReadOnly="0" MultiLineType="0" LineStyle="0" ShowType="0"><RC l="54172" t="49793" r="54547" b="51819"/><Item Type="UrlLink" Aim="af://n467" ID="0"/><MouseOverViewType LinkViewType="0" Color="0"/></Item><Item acp="936" Type="Link" Page="42" Color="00000000" Author="QQBkAG0AaQBuAGkAcwB0AHIAYQB0AG8AcgA=" Time="2019-04-04 13:25:31" id="DDEF647B43B9499AAE8809676D75D3D0" ReadOnly="0" MultiLineType="0" LineStyle="0" ShowType="0"><RC l="54172" t="6425" r="54622" b="8751"/><Item Type="UrlLink" Aim="af://n486" ID="0"/><MouseOverViewType LinkViewType="0" Color="0"/></Item><Item acp="936" Type="Link" Page="42" Color="00000000" Author="QQBkAG0AaQBuAGkAcwB0AHIAYQB0AG8AcgA=" Time="2019-04-04 13:25:31" id="E6039A1FA3514B09BCF59DAE60A7DA83" ReadOnly="0" MultiLineType="0" LineStyle="0" ShowType="0"><RC l="54172" t="10176" r="54547" b="12202"/><Item Type="UrlLink" Aim="af://n487" ID="0"/><MouseOverViewType LinkViewType="0" Color="0"/></Item><Item acp="936" Type="Link" Page="44" Color="00000000" Author="QQBkAG0AaQBuAGkAcwB0AHIAYQB0AG8AcgA=" Time="2019-04-04 13:25:31" id="B50271C1BF3C482CB65505CBF82312AC" ReadOnly="0" MultiLineType="0" LineStyle="0" ShowType="0"><RC l="54172" t="6575" r="54547" b="8601"/><Item Type="UrlLink" Aim="af://n494" ID="0"/><MouseOverViewType LinkViewType="0" Color="0"/></Item><Item acp="936" Type="Link" Page="44" Color="00000000" Author="QQBkAG0AaQBuAGkAcwB0AHIAYQB0AG8AcgA=" Time="2019-04-04 13:25:31" id="3B6547D50ECD47AEBBBA12FCD541B610" ReadOnly="0" MultiLineType="0" LineStyle="0" ShowType="0"><RC l="54172" t="29009" r="54547" b="31035"/><Item Type="UrlLink" Aim="af://n496" ID="0"/><MouseOverViewType LinkViewType="0" Color="0"/></Item></NoteItems></Note-Package><FileProperty-Package/></Package>
